{
  "playersByTeam": {
    "BIF": {
      "GK": [
        {
          "player": 3801,
          "game": 12771,
          "team": "BIF",
          "jersey": 33,
          "line": -1,
          "position": "GK",
          "firstName": "Samuel",
          "familyName": "Ersson",
          "pim": 0,
          "actiontype": "new",
          "teamId": "1ab8-1ab8bfj7N",
          "tot_ga": 2,
          "tot_soga": 30,
          "tot_spga": 14,
          "tot_svs": 28,
          "tot_svs_perc": 0.9333333333333333,
          "tot_nonso_svs_perc": 0.9333333333333333
        },
        {
          "player": 2564,
          "game": 12771,
          "team": "BIF",
          "jersey": 45,
          "line": -1,
          "position": "GK",
          "firstName": "Viktor",
          "familyName": "Andrén",
          "pim": 0,
          "actiontype": "new",
          "teamId": "1ab8-1ab8bfj7N",
          "tot_ga": 0,
          "tot_soga": 0,
          "tot_spga": 0,
          "tot_svs": 0,
          "tot_svs_perc": 0,
          "tot_nonso_svs_perc": 0
        }
      ],
      "players": [
              {
                      "player": 3747,
                      "game": 12771,
                      "team": "BIF",
                      "jersey": 7,
                      "line": 1,
                      "position": "LD",
                      "firstName": "Marcus",
                      "familyName": "Björk",
                      "pim": 0,
                      "actiontype": "new",
                      "teamId": "1ab8-1ab8bfj7N",
                      "hits": 3,
                      "g": 0,
                      "a": 0,
                      "toi": "17:31",
                      "shg": 0,
                      "ppg": 0,
                      "fo_perc": 0,
                      "sw": 0,
                      "sog": 1,
                      "ppsog": 0,
                      "nep": 1,
                      "pop": 0,
                      "netPlusMinus": -1,
                      "tp": 0,
                      "fo_tot": 0,
                      "fow": 0,
                      "fol": 0
              },
              {
                      "player": 1251,
                      "game": 12771,
                      "team": "BIF",
                      "jersey": 15,
                      "line": 1,
                      "position": "RD",
                      "firstName": "Simon",
                      "familyName": "Bertilsson",
                      "pim": 0,
                      "actiontype": "new",
                      "teamId": "1ab8-1ab8bfj7N",
                      "hits": 2,
                      "g": 0,
                      "a": 0,
                      "toi": "20:38",
                      "shg": 0,
                      "ppg": 0,
                      "fo_perc": 0,
                      "sw": 1,
                      "sog": 0,
                      "ppsog": 0,
                      "nep": 1,
                      "pop": 0,
                      "netPlusMinus": -1,
                      "tp": 0,
                      "fo_tot": 0,
                      "fow": 0,
                      "fol": 0
              },
              {
                      "player": 1439,
                      "game": 12771,
                      "team": "BIF",
                      "jersey": 18,
                      "line": 1,
                      "position": "LW",
                      "firstName": "Anton",
                      "familyName": "Rödin",
                      "pim": 0,
                      "actiontype": "new",
                      "teamId": "1ab8-1ab8bfj7N",
                      "hits": 0,
                      "g": 0,
                      "a": 0,
                      "toi": "18:09",
                      "shg": 0,
                      "ppg": 0,
                      "fo_perc": 0,
                      "sw": 2,
                      "sog": 3,
                      "ppsog": 0,
                      "nep": 1,
                      "pop": 0,
                      "netPlusMinus": -1,
                      "tp": 0,
                      "fo_tot": 0,
                      "fow": 0,
                      "fol": 0
              },
              {
                      "player": 2763,
                      "game": 12771,
                      "team": "BIF",
                      "jersey": 36,
                      "line": 1,
                      "position": "CE",
                      "firstName": "Linus",
                      "familyName": "Ölund",
                      "pim": 0,
                      "actiontype": "new",
                      "teamId": "1ab8-1ab8bfj7N",
                      "hits": 1,
                      "g": 0,
                      "a": 0,
                      "toi": "16:33",
                      "shg": 0,
                      "ppg": 0,
                      "fo_perc": 44.44,
                      "sw": 0,
                      "sog": 1,
                      "ppsog": 0,
                      "nep": 2,
                      "pop": 0,
                      "netPlusMinus": -2,
                      "tp": 0,
                      "fo_tot": 0,
                      "fow": 8,
                      "fol": 10
              },
              {
                      "player": 4229,
                      "game": 12771,
                      "team": "BIF",
                      "jersey": 21,
                      "line": 1,
                      "position": "RW",
                      "firstName": "Patrik",
                      "familyName": "Berglund",
                      "pim": 0,
                      "actiontype": "new",
                      "teamId": "1ab8-1ab8bfj7N",
                      "hits": 0,
                      "g": 0,
                      "a": 0,
                      "toi": "18:45",
                      "shg": 0,
                      "ppg": 0,
                      "fo_perc": 50,
                      "sw": 0,
                      "sog": 1,
                      "ppsog": 0,
                      "nep": 1,
                      "pop": 0,
                      "netPlusMinus": -1,
                      "tp": 0,
                      "fo_tot": 0,
                      "fow": 1,
                      "fol": 1
              },
              {
                      "player": 3231,
                      "game": 12771,
                      "team": "BIF",
                      "jersey": 62,
                      "line": 2,
                      "position": "LD",
                      "firstName": "Tom",
                      "familyName": "Hedberg",
                      "pim": 0,
                      "actiontype": "new",
                      "teamId": "1ab8-1ab8bfj7N",
                      "hits": 0,
                      "g": 0,
                      "a": 0,
                      "toi": "16:06",
                      "shg": 0,
                      "ppg": 0,
                      "fo_perc": 0,
                      "sw": 0,
                      "sog": 1,
                      "ppsog": 0,
                      "nep": 2,
                      "pop": 0,
                      "netPlusMinus": -2,
                      "tp": 0,
                      "fo_tot": 0,
                      "fow": 0,
                      "fol": 0
              },
              {
                      "player": 2790,
                      "game": 12771,
                      "team": "BIF",
                      "jersey": 56,
                      "line": 2,
                      "position": "RD",
                      "firstName": "Jonathan",
                      "familyName": "Sigalet",
                      "pim": 2,
                      "actiontype": "new",
                      "teamId": "1ab8-1ab8bfj7N",
                      "hits": 3,
                      "g": 0,
                      "a": 0,
                      "toi": "21:15",
                      "shg": 0,
                      "ppg": 0,
                      "fo_perc": 0,
                      "sw": 2,
                      "sog": 2,
                      "ppsog": 0,
                      "nep": 0,
                      "pop": 0,
                      "netPlusMinus": 0,
                      "tp": 0,
                      "fo_tot": 0,
                      "fow": 0,
                      "fol": 0
              },
              {
                      "player": 4207,
                      "game": 12771,
                      "team": "BIF",
                      "jersey": 88,
                      "line": 2,
                      "position": "LW",
                      "firstName": "Jaedon",
                      "familyName": "Descheneau",
                      "pim": 0,
                      "actiontype": "new",
                      "teamId": "1ab8-1ab8bfj7N",
                      "hits": 1,
                      "g": 0,
                      "a": 0,
                      "toi": "15:18",
                      "shg": 0,
                      "ppg": 0,
                      "fo_perc": 0,
                      "sw": 0,
                      "sog": 0,
                      "ppsog": 0,
                      "nep": 0,
                      "pop": 0,
                      "netPlusMinus": 0,
                      "tp": 0,
                      "fo_tot": 0,
                      "fow": 0,
                      "fol": 0
              },
              {
                      "player": 2107,
                      "game": 12771,
                      "team": "BIF",
                      "jersey": 24,
                      "line": 2,
                      "position": "CE",
                      "firstName": "Emil",
                      "familyName": "Molin",
                      "pim": 0,
                      "actiontype": "new",
                      "teamId": "1ab8-1ab8bfj7N",
                      "hits": 0,
                      "g": 0,
                      "a": 0,
                      "toi": "14:23",
                      "shg": 0,
                      "ppg": 0,
                      "fo_perc": 16.67,
                      "sw": 0,
                      "sog": 1,
                      "ppsog": 0,
                      "nep": 0,
                      "pop": 0,
                      "netPlusMinus": 0,
                      "tp": 0,
                      "fo_tot": 0,
                      "fow": 1,
                      "fol": 5
              },
              {
                      "player": 296,
                      "game": 12771,
                      "team": "BIF",
                      "jersey": 44,
                      "line": 2,
                      "position": "RW",
                      "firstName": "Nicklas",
                      "familyName": "Danielsson",
                      "pim": 0,
                      "actiontype": "new",
                      "teamId": "1ab8-1ab8bfj7N",
                      "hits": 0,
                      "g": 0,
                      "a": 0,
                      "toi": "13:49",
                      "shg": 0,
                      "ppg": 0,
                      "fo_perc": 0,
                      "sw": 1,
                      "sog": 2,
                      "ppsog": 0,
                      "nep": 0,
                      "pop": 0,
                      "netPlusMinus": 0,
                      "tp": 0,
                      "fo_tot": 0,
                      "fow": 0,
                      "fol": 0
              },
              {
                      "player": 1170,
                      "game": 12771,
                      "team": "BIF",
                      "jersey": 2,
                      "line": 3,
                      "position": "LD",
                      "firstName": "Kristofer",
                      "familyName": "Berglund",
                      "pim": 2,
                      "actiontype": "new",
                      "teamId": "1ab8-1ab8bfj7N",
                      "hits": 1,
                      "g": 0,
                      "a": 0,
                      "toi": "20:26",
                      "shg": 0,
                      "ppg": 0,
                      "fo_perc": 0,
                      "sw": 1,
                      "sog": 1,
                      "ppsog": 0,
                      "nep": 2,
                      "pop": 0,
                      "netPlusMinus": -2,
                      "tp": 0,
                      "fo_tot": 0,
                      "fow": 0,
                      "fol": 0
              },
              {
                      "player": 2737,
                      "game": 12771,
                      "team": "BIF",
                      "jersey": 8,
                      "line": 3,
                      "position": "RD",
                      "firstName": "John",
                      "familyName": "Nyberg",
                      "pim": 0,
                      "actiontype": "new",
                      "teamId": "1ab8-1ab8bfj7N",
                      "hits": 2,
                      "g": 0,
                      "a": 0,
                      "toi": "17:54",
                      "shg": 0,
                      "ppg": 0,
                      "fo_perc": 0,
                      "sw": 0,
                      "sog": 1,
                      "ppsog": 0,
                      "nep": 0,
                      "pop": 0,
                      "netPlusMinus": 0,
                      "tp": 0,
                      "fo_tot": 0,
                      "fow": 0,
                      "fol": 0
              },
              {
                      "player": 2846,
                      "game": 12771,
                      "team": "BIF",
                      "jersey": 67,
                      "line": 3,
                      "position": "LW",
                      "firstName": "John",
                      "familyName": "Persson",
                      "pim": 0,
                      "actiontype": "new",
                      "teamId": "1ab8-1ab8bfj7N",
                      "hits": 0,
                      "g": 0,
                      "a": 0,
                      "toi": "14:11",
                      "shg": 0,
                      "ppg": 0,
                      "fo_perc": 0,
                      "sw": 0,
                      "sog": 4,
                      "ppsog": 0,
                      "nep": 2,
                      "pop": 0,
                      "netPlusMinus": -2,
                      "tp": 0,
                      "fo_tot": 0,
                      "fow": 0,
                      "fol": 0
              },
              {
                      "player": 1650,
                      "game": 12771,
                      "team": "BIF",
                      "jersey": 22,
                      "line": 3,
                      "position": "CE",
                      "firstName": "Adam",
                      "familyName": "Pettersson",
                      "pim": 0,
                      "actiontype": "new",
                      "teamId": "1ab8-1ab8bfj7N",
                      "hits": 1,
                      "g": 0,
                      "a": 0,
                      "toi": "17:55",
                      "shg": 0,
                      "ppg": 0,
                      "fo_perc": 52.94,
                      "sw": 0,
                      "sog": 1,
                      "ppsog": 0,
                      "nep": 2,
                      "pop": 0,
                      "netPlusMinus": -2,
                      "tp": 0,
                      "fo_tot": 0,
                      "fow": 9,
                      "fol": 8
              },
              {
                      "player": 1782,
                      "game": 12771,
                      "team": "BIF",
                      "jersey": 79,
                      "line": 3,
                      "position": "RW",
                      "firstName": "Daniel",
                      "familyName": "Mannberg",
                      "pim": 0,
                      "actiontype": "new",
                      "teamId": "1ab8-1ab8bfj7N",
                      "hits": 0,
                      "g": 0,
                      "a": 0,
                      "toi": "17:37",
                      "shg": 0,
                      "ppg": 0,
                      "fo_perc": 0,
                      "sw": 0,
                      "sog": 0,
                      "ppsog": 0,
                      "nep": 2,
                      "pop": 0,
                      "netPlusMinus": -2,
                      "tp": 0,
                      "fo_tot": 0,
                      "fow": 0,
                      "fol": 0
              },
              {
                      "player": 4039,
                      "game": 12771,
                      "team": "BIF",
                      "jersey": 11,
                      "line": 4,
                      "position": "RD",
                      "firstName": "Josef",
                      "familyName": "Ingman",
                      "pim": 0,
                      "actiontype": "new",
                      "teamId": "1ab8-1ab8bfj7N",
                      "hits": 0,
                      "g": 0,
                      "a": 0,
                      "toi": "02:12",
                      "shg": 0,
                      "ppg": 0,
                      "fo_perc": 0,
                      "sw": 0,
                      "sog": 0,
                      "ppsog": 0,
                      "nep": 0,
                      "pop": 0,
                      "netPlusMinus": 0,
                      "tp": 0,
                      "fo_tot": 0,
                      "fow": 0,
                      "fol": 0
              },
              {
                      "player": 3942,
                      "game": 12771,
                      "team": "BIF",
                      "jersey": 48,
                      "line": 4,
                      "position": "LW",
                      "firstName": "Samuel",
                      "familyName": "Solem",
                      "pim": 0,
                      "actiontype": "new",
                      "teamId": "1ab8-1ab8bfj7N",
                      "hits": 2,
                      "g": 0,
                      "a": 0,
                      "toi": "10:27",
                      "shg": 0,
                      "ppg": 0,
                      "fo_perc": 0,
                      "sw": 0,
                      "sog": 0,
                      "ppsog": 0,
                      "nep": 0,
                      "pop": 0,
                      "netPlusMinus": 0,
                      "tp": 0,
                      "fo_tot": 0,
                      "fow": 0,
                      "fol": 0
              },
              {
                      "player": 4439,
                      "game": 12771,
                      "team": "BIF",
                      "jersey": 29,
                      "line": 4,
                      "position": "CE",
                      "firstName": "Oscar",
                      "familyName": "Birgersson",
                      "pim": 2,
                      "actiontype": "new",
                      "teamId": "1ab8-1ab8bfj7N",
                      "hits": 1,
                      "g": 0,
                      "a": 0,
                      "toi": "11:20",
                      "shg": 0,
                      "ppg": 0,
                      "fo_perc": 50,
                      "sw": 0,
                      "sog": 0,
                      "ppsog": 0,
                      "nep": 0,
                      "pop": 0,
                      "netPlusMinus": 0,
                      "tp": 0,
                      "fo_tot": 0,
                      "fow": 5,
                      "fol": 5
              },
              {
                      "player": 2912,
                      "game": 12771,
                      "team": "BIF",
                      "jersey": 14,
                      "line": 4,
                      "position": "RW",
                      "firstName": "Johan",
                      "familyName": "Alcén",
                      "pim": 0,
                      "actiontype": "new",
                      "teamId": "1ab8-1ab8bfj7N",
                      "hits": 0,
                      "g": 0,
                      "a": 0,
                      "toi": "10:45",
                      "shg": 0,
                      "ppg": 0,
                      "fo_perc": 0,
                      "sw": 0,
                      "sog": 0,
                      "ppsog": 0,
                      "nep": 0,
                      "pop": 0,
                      "netPlusMinus": 0,
                      "tp": 0,
                      "fo_tot": 0,
                      "fow": 0,
                      "fol": 0
              }
      ]
    },
    "FHC": {
            "GK": [
                    {
                            "player": 3304,
                            "game": 12771,
                            "team": "FHC",
                            "jersey": 41,
                            "line": -1,
                            "position": "GK",
                            "firstName": "Niklas",
                            "familyName": "Rubin",
                            "pim": 0,
                            "actiontype": "new",
                            "teamId": "087a-087aTQv9u",
                            "tot_ga": 0,
                            "tot_soga": 19,
                            "tot_spga": 7,
                            "tot_svs": 19,
                            "tot_svs_perc": 1,
                            "tot_nonso_svs_perc": 1
                    },
                    {
                            "player": 1391,
                            "game": 12771,
                            "team": "FHC",
                            "jersey": 33,
                            "line": -1,
                            "position": "GK",
                            "firstName": "Johan",
                            "familyName": "Mattsson",
                            "pim": 0,
                            "actiontype": "new",
                            "teamId": "087a-087aTQv9u",
                            "tot_ga": 0,
                            "tot_soga": 0,
                            "tot_spga": 0,
                            "tot_svs": 0,
                            "tot_svs_perc": 0,
                            "tot_nonso_svs_perc": 0
                    }
            ],
            "players": [
                    {
                            "player": 3831,
                            "game": 12771,
                            "team": "FHC",
                            "jersey": 5,
                            "line": 1,
                            "position": "LD",
                            "firstName": "Filip",
                            "familyName": "Johansson",
                            "pim": 0,
                            "actiontype": "new",
                            "teamId": "087a-087aTQv9u",
                            "hits": 0,
                            "g": 0,
                            "a": 0,
                            "toi": "14:48",
                            "shg": 0,
                            "ppg": 0,
                            "fo_perc": 0,
                            "sw": 2,
                            "sog": 3,
                            "ppsog": 0,
                            "nep": 0,
                            "pop": 1,
                            "netPlusMinus": 1,
                            "tp": 0,
                            "fo_tot": 0,
                            "fow": 0,
                            "fol": 0
                    },
                    {
                            "player": 906,
                            "game": 12771,
                            "team": "FHC",
                            "jersey": 8,
                            "line": 1,
                            "position": "RD",
                            "firstName": "Viktor",
                            "familyName": "Ekbom",
                            "pim": 0,
                            "actiontype": "new",
                            "teamId": "087a-087aTQv9u",
                            "hits": 1,
                            "g": 0,
                            "a": 0,
                            "toi": "15:23",
                            "shg": 0,
                            "ppg": 0,
                            "fo_perc": 0,
                            "sw": 1,
                            "sog": 0,
                            "ppsog": 0,
                            "nep": 0,
                            "pop": 2,
                            "netPlusMinus": 2,
                            "tp": 0,
                            "fo_tot": 0,
                            "fow": 0,
                            "fol": 0
                    },
                    {
                            "player": 2004,
                            "game": 12771,
                            "team": "FHC",
                            "jersey": 12,
                            "line": 1,
                            "position": "LW",
                            "firstName": "Max",
                            "familyName": "Friberg",
                            "pim": 0,
                            "actiontype": "new",
                            "teamId": "087a-087aTQv9u",
                            "hits": 1,
                            "g": 1,
                            "a": 0,
                            "toi": "17:38",
                            "shg": 0,
                            "ppg": 0,
                            "fo_perc": 100,
                            "sw": 0,
                            "sog": 1,
                            "ppsog": 0,
                            "nep": 0,
                            "pop": 1,
                            "netPlusMinus": 1,
                            "tp": 0,
                            "fo_tot": 0,
                            "fow": 1,
                            "fol": 0
                    },
                    {
                            "player": 1407,
                            "game": 12771,
                            "team": "FHC",
                            "jersey": 20,
                            "line": 1,
                            "position": "CE",
                            "firstName": "Joel",
                            "familyName": "Lundqvist",
                            "pim": 0,
                            "actiontype": "new",
                            "teamId": "087a-087aTQv9u",
                            "hits": 8,
                            "g": 0,
                            "a": 1,
                            "toi": "17:17",
                            "shg": 0,
                            "ppg": 0,
                            "fo_perc": 81.82,
                            "sw": 0,
                            "sog": 1,
                            "ppsog": 0,
                            "nep": 0,
                            "pop": 1,
                            "netPlusMinus": 1,
                            "tp": 0,
                            "fo_tot": 0,
                            "fow": 9,
                            "fol": 2
                    },
                    {
                            "player": 4058,
                            "game": 12771,
                            "team": "FHC",
                            "jersey": 21,
                            "line": 1,
                            "position": "RW",
                            "firstName": "Karl",
                            "familyName": "Henriksson",
                            "pim": 0,
                            "actiontype": "new",
                            "teamId": "087a-087aTQv9u",
                            "hits": 1,
                            "g": 0,
                            "a": 1,
                            "toi": "15:33",
                            "shg": 0,
                            "ppg": 0,
                            "fo_perc": 0,
                            "sw": 0,
                            "sog": 0,
                            "ppsog": 0,
                            "nep": 0,
                            "pop": 1,
                            "netPlusMinus": 1,
                            "tp": 0,
                            "fo_tot": 0,
                            "fow": 0,
                            "fol": 0
                    },
                    {
                            "player": 3794,
                            "game": 12771,
                            "team": "FHC",
                            "jersey": 16,
                            "line": 2,
                            "position": "LD",
                            "firstName": "Stefan",
                            "familyName": "Elliott",
                            "pim": 2,
                            "actiontype": "new",
                            "teamId": "087a-087aTQv9u",
                            "hits": 0,
                            "g": 0,
                            "a": 0,
                            "toi": "20:53",
                            "shg": 0,
                            "ppg": 0,
                            "fo_perc": 0,
                            "sw": 0,
                            "sog": 3,
                            "ppsog": 0,
                            "nep": 0,
                            "pop": 0,
                            "netPlusMinus": 0,
                            "tp": 0,
                            "fo_tot": 0,
                            "fow": 0,
                            "fol": 0
                    },
                    {
                            "player": 3413,
                            "game": 12771,
                            "team": "FHC",
                            "jersey": 58,
                            "line": 2,
                            "position": "RD",
                            "firstName": "Jesper",
                            "familyName": "Sellgren",
                            "pim": 0,
                            "actiontype": "new",
                            "teamId": "087a-087aTQv9u",
                            "hits": 0,
                            "g": 0,
                            "a": 0,
                            "toi": "21:16",
                            "shg": 0,
                            "ppg": 0,
                            "fo_perc": 0,
                            "sw": 0,
                            "sog": 3,
                            "ppsog": 0,
                            "nep": 0,
                            "pop": 0,
                            "netPlusMinus": 0,
                            "tp": 0,
                            "fo_tot": 0,
                            "fow": 0,
                            "fol": 0
                    },
                    {
                            "player": 4051,
                            "game": 12771,
                            "team": "FHC",
                            "jersey": 18,
                            "line": 2,
                            "position": "LW",
                            "firstName": "Lucas",
                            "familyName": "Raymond",
                            "pim": 0,
                            "actiontype": "new",
                            "teamId": "087a-087aTQv9u",
                            "hits": 0,
                            "g": 1,
                            "a": 0,
                            "toi": "14:41",
                            "shg": 0,
                            "ppg": 0,
                            "fo_perc": 0,
                            "sw": 1,
                            "sog": 1,
                            "ppsog": 0,
                            "nep": 0,
                            "pop": 1,
                            "netPlusMinus": 1,
                            "tp": 0,
                            "fo_tot": 0,
                            "fow": 0,
                            "fol": 0
                    },
                    {
                            "player": 3874,
                            "game": 12771,
                            "team": "FHC",
                            "jersey": 9,
                            "line": 2,
                            "position": "CE",
                            "firstName": "Jan",
                            "familyName": "Mursak",
                            "pim": 0,
                            "actiontype": "new",
                            "teamId": "087a-087aTQv9u",
                            "hits": 1,
                            "g": 0,
                            "a": 0,
                            "toi": "14:28",
                            "shg": 0,
                            "ppg": 0,
                            "fo_perc": 53.85,
                            "sw": 1,
                            "sog": 0,
                            "ppsog": 0,
                            "nep": 0,
                            "pop": 1,
                            "netPlusMinus": 1,
                            "tp": 0,
                            "fo_tot": 0,
                            "fow": 7,
                            "fol": 6
                    },
                    {
                            "player": 1138,
                            "game": 12771,
                            "team": "FHC",
                            "jersey": 59,
                            "line": 2,
                            "position": "RW",
                            "firstName": "Simon",
                            "familyName": "Hjalmarsson",
                            "pim": 0,
                            "actiontype": "new",
                            "teamId": "087a-087aTQv9u",
                            "hits": 0,
                            "g": 0,
                            "a": 0,
                            "toi": "15:27",
                            "shg": 0,
                            "ppg": 0,
                            "fo_perc": 0,
                            "sw": 2,
                            "sog": 3,
                            "ppsog": 0,
                            "nep": 0,
                            "pop": 1,
                            "netPlusMinus": 1,
                            "tp": 0,
                            "fo_tot": 0,
                            "fow": 0,
                            "fol": 0
                    },
                    {
                            "player": 4150,
                            "game": 12771,
                            "team": "FHC",
                            "jersey": 6,
                            "line": 3,
                            "position": "LD",
                            "firstName": "Mattias",
                            "familyName": "Norlinder",
                            "pim": 0,
                            "actiontype": "new",
                            "teamId": "087a-087aTQv9u",
                            "hits": 0,
                            "g": 0,
                            "a": 0,
                            "toi": "18:50",
                            "shg": 0,
                            "ppg": 0,
                            "fo_perc": 0,
                            "sw": 1,
                            "sog": 1,
                            "ppsog": 0,
                            "nep": 0,
                            "pop": 1,
                            "netPlusMinus": 1,
                            "tp": 0,
                            "fo_tot": 0,
                            "fow": 0,
                            "fol": 0
                    },
                    {
                            "player": 942,
                            "game": 12771,
                            "team": "FHC",
                            "jersey": 10,
                            "line": 3,
                            "position": "RD",
                            "firstName": "Jens",
                            "familyName": "Olsson",
                            "pim": 0,
                            "actiontype": "new",
                            "teamId": "087a-087aTQv9u",
                            "hits": 0,
                            "g": 0,
                            "a": 0,
                            "toi": "17:53",
                            "shg": 0,
                            "ppg": 0,
                            "fo_perc": 0,
                            "sw": 1,
                            "sog": 1,
                            "ppsog": 0,
                            "nep": 0,
                            "pop": 1,
                            "netPlusMinus": 1,
                            "tp": 0,
                            "fo_tot": 0,
                            "fow": 0,
                            "fol": 0
                    },
                    {
                            "player": 2201,
                            "game": 12771,
                            "team": "FHC",
                            "jersey": 51,
                            "line": 3,
                            "position": "LW",
                            "firstName": "Mats",
                            "familyName": "Rosseli Olsen",
                            "pim": 0,
                            "actiontype": "new",
                            "teamId": "087a-087aTQv9u",
                            "hits": 0,
                            "g": 1,
                            "a": 0,
                            "toi": "12:23",
                            "shg": 0,
                            "ppg": 0,
                            "fo_perc": 0,
                            "sw": 1,
                            "sog": 6,
                            "ppsog": 0,
                            "nep": 0,
                            "pop": 1,
                            "netPlusMinus": 1,
                            "tp": 0,
                            "fo_tot": 0,
                            "fow": 0,
                            "fol": 0
                    },
                    {
                            "player": 1115,
                            "game": 12771,
                            "team": "FHC",
                            "jersey": 31,
                            "line": 3,
                            "position": "CE",
                            "firstName": "Nicklas",
                            "familyName": "Lasu",
                            "pim": 2,
                            "actiontype": "new",
                            "teamId": "087a-087aTQv9u",
                            "hits": 1,
                            "g": 0,
                            "a": 1,
                            "toi": "14:20",
                            "shg": 0,
                            "ppg": 0,
                            "fo_perc": 52.94,
                            "sw": 0,
                            "sog": 0,
                            "ppsog": 0,
                            "nep": 0,
                            "pop": 1,
                            "netPlusMinus": 1,
                            "tp": 0,
                            "fo_tot": 0,
                            "fow": 9,
                            "fol": 8
                    },
                    {
                            "player": 1786,
                            "game": 12771,
                            "team": "FHC",
                            "jersey": 40,
                            "line": 3,
                            "position": "RW",
                            "firstName": "Joel",
                            "familyName": "Mustonen",
                            "pim": 0,
                            "actiontype": "new",
                            "teamId": "087a-087aTQv9u",
                            "hits": 0,
                            "g": 0,
                            "a": 1,
                            "toi": "11:55",
                            "shg": 0,
                            "ppg": 0,
                            "fo_perc": 0,
                            "sw": 2,
                            "sog": 0,
                            "ppsog": 0,
                            "nep": 0,
                            "pop": 1,
                            "netPlusMinus": 1,
                            "tp": 0,
                            "fo_tot": 0,
                            "fow": 0,
                            "fol": 0
                    },
                    {
                            "player": 3719,
                            "game": 12771,
                            "team": "FHC",
                            "jersey": 15,
                            "line": 4,
                            "position": "LD",
                            "firstName": "Anders",
                            "familyName": "Grönlund",
                            "pim": 0,
                            "actiontype": "new",
                            "teamId": "087a-087aTQv9u",
                            "hits": 0,
                            "g": 0,
                            "a": 0,
                            "toi": "07:45",
                            "shg": 0,
                            "ppg": 0,
                            "fo_perc": 0,
                            "sw": 0,
                            "sog": 2,
                            "ppsog": 0,
                            "nep": 0,
                            "pop": 1,
                            "netPlusMinus": 1,
                            "tp": 0,
                            "fo_tot": 0,
                            "fow": 0,
                            "fol": 0
                    },
                    {
                            "player": 1538,
                            "game": 12771,
                            "team": "FHC",
                            "jersey": 28,
                            "line": 4,
                            "position": "LW",
                            "firstName": "Johan",
                            "familyName": "Sundström",
                            "pim": 0,
                            "actiontype": "new",
                            "teamId": "087a-087aTQv9u",
                            "hits": 1,
                            "g": 0,
                            "a": 0,
                            "toi": "12:36",
                            "shg": 0,
                            "ppg": 0,
                            "fo_perc": 100,
                            "sw": 1,
                            "sog": 4,
                            "ppsog": 0,
                            "nep": 0,
                            "pop": 0,
                            "netPlusMinus": 0,
                            "tp": 0,
                            "fo_tot": 0,
                            "fow": 1,
                            "fol": 0
                    },
                    {
                            "player": 2025,
                            "game": 12771,
                            "team": "FHC",
                            "jersey": 72,
                            "line": 4,
                            "position": "CE",
                            "firstName": "Patrik",
                            "familyName": "Carlsson",
                            "pim": 0,
                            "actiontype": "new",
                            "teamId": "087a-087aTQv9u",
                            "hits": 0,
                            "g": 0,
                            "a": 0,
                            "toi": "15:04",
                            "shg": 0,
                            "ppg": 0,
                            "fo_perc": 20,
                            "sw": 1,
                            "sog": 1,
                            "ppsog": 0,
                            "nep": 0,
                            "pop": 0,
                            "netPlusMinus": 0,
                            "tp": 0,
                            "fo_tot": 0,
                            "fow": 2,
                            "fol": 8
                    },
                    {
                            "player": 4000,
                            "game": 12771,
                            "team": "FHC",
                            "jersey": 22,
                            "line": 4,
                            "position": "RW",
                            "firstName": "Linus",
                            "familyName": "Nässén",
                            "pim": 0,
                            "actiontype": "new",
                            "teamId": "087a-087aTQv9u",
                            "hits": 3,
                            "g": 0,
                            "a": 0,
                            "toi": "06:47",
                            "shg": 0,
                            "ppg": 0,
                            "fo_perc": 0,
                            "sw": 0,
                            "sog": 0,
                            "ppsog": 0,
                            "nep": 0,
                            "pop": 0,
                            "netPlusMinus": 0,
                            "tp": 0,
                            "fo_tot": 0,
                            "fow": 0,
                            "fol": 0
                    },
                    {
                            "player": 2656,
                            "game": 12771,
                            "team": "FHC",
                            "jersey": 17,
                            "line": 4,
                            "position": "RW",
                            "firstName": "Robin",
                            "familyName": "Alvarez",
                            "pim": 0,
                            "actiontype": "new",
                            "teamId": "087a-087aTQv9u",
                            "hits": 1,
                            "g": 0,
                            "a": 0,
                            "toi": "11:03",
                            "shg": 0,
                            "ppg": 0,
                            "fo_perc": 0,
                            "sw": 0,
                            "sog": 1,
                            "ppsog": 0,
                            "nep": 0,
                            "pop": 0,
                            "netPlusMinus": 0,
                            "tp": 0,
                            "fo_tot": 0,
                            "fow": 0,
                            "fol": 0
                    }
            ]
    }
  },
  "recaps": {
          "gameRecap": {
                  "periodNumber": 0,
                  "gameStatsId": 12771,
                  "status": "GameEnded",
                  "awayTeamId": "BIF",
                  "awayTeamName": "Brynäs IF",
                  "awayG": 0,
                  "awayPIM": 6,
                  "awayFOW": 24,
                  "awaySOG": 19,
                  "awaySPG": 7,
                  "awaySaves": 28,
                  "awayGA": 3,
                  "awaySavesPerShot": 0.9333333333333333,
                  "awayPP_perc": 0,
                  "awaySH_perc": 1,
                  "awayPPG": 0,
                  "awaySHG": 0,
                  "awayPPGA": 0,
                  "awaySHGA": 0,
                  "awayNumPP": 1,
                  "awayNumSH": 2,
                  "awayHits": 17,
                  "awayPPSOG": 1,
                  "awayactiontype": "api",
                  "awayteamId": "1ab8-1ab8bfj7N",
                  "startDateTime": "",
                  "endDateTime": "",
                  "statusString": "Slut",
                  "statsId": 12771,
                  "homeTeamId": "FHC",
                  "homeTeamName": "Frölunda HC",
                  "homeG": 3,
                  "homePIM": 4,
                  "homeFOW": 29,
                  "homeSOG": 31,
                  "homeSPG": 14,
                  "homeSaves": 19,
                  "homeGA": 0,
                  "homeSavesPerShot": 1,
                  "homePP_perc": 0,
                  "homeSH_perc": 1,
                  "homePPG": 0,
                  "homeSHG": 0,
                  "homePPGA": 0,
                  "homeSHGA": 0,
                  "homeNumPP": 2,
                  "homeNumSH": 1,
                  "homeHits": 18,
                  "homePPSOG": 6,
                  "homeactiontype": "api",
                  "hometeamId": "087a-087aTQv9u"
          },
          "0": {
                  "periodNumber": 1,
                  "gameStatsId": 12771,
                  "status": "Finished",
                  "awayTeamId": "BIF",
                  "awayTeamName": "Brynäs IF",
                  "awayG": 0,
                  "awayPIM": 2,
                  "awayFOW": 4,
                  "awaySOG": 8,
                  "awaySPG": 1,
                  "awaySaves": 9,
                  "awayGA": 0,
                  "awaySavesPerShot": 1,
                  "awayPP_perc": 0,
                  "awaySH_perc": 1,
                  "awayPPG": 0,
                  "awaySHG": 0,
                  "awayPPGA": 0,
                  "awaySHGA": 0,
                  "awayNumPP": 1,
                  "awayNumSH": 1,
                  "awayHits": 7,
                  "awayPPSOG": 1,
                  "awayactiontype": "api",
                  "awayteamId": "1ab8-1ab8bfj7N",
                  "startDateTime": "",
                  "endDateTime": "",
                  "statusString": "Slut",
                  "homeTeamId": "FHC",
                  "homeTeamName": "Frölunda HC",
                  "homeG": 0,
                  "homePIM": 2,
                  "homeFOW": 8,
                  "homeSOG": 9,
                  "homeSPG": 7,
                  "homeSaves": 8,
                  "homeGA": 0,
                  "homeSavesPerShot": 1,
                  "homePP_perc": 0,
                  "homeSH_perc": 1,
                  "homePPG": 0,
                  "homeSHG": 0,
                  "homePPGA": 0,
                  "homeSHGA": 0,
                  "homeNumPP": 1,
                  "homeNumSH": 1,
                  "homeHits": 6,
                  "homePPSOG": 5,
                  "homeactiontype": "api",
                  "hometeamId": "087a-087aTQv9u"
          },
          "1": {
                  "periodNumber": 2,
                  "gameStatsId": 12771,
                  "status": "Finished",
                  "awayTeamId": "BIF",
                  "awayTeamName": "Brynäs IF",
                  "awayG": 0,
                  "awayPIM": 2,
                  "awayFOW": 9,
                  "awaySOG": 9,
                  "awaySPG": 3,
                  "awaySaves": 13,
                  "awayGA": 1,
                  "awaySavesPerShot": 0.9285714285714286,
                  "awayPP_perc": 0,
                  "awaySH_perc": 0,
                  "awayPPG": 0,
                  "awaySHG": 0,
                  "awayPPGA": 0,
                  "awaySHGA": 0,
                  "awayNumPP": 0,
                  "awayNumSH": 0,
                  "awayHits": 3,
                  "awayPPSOG": 0,
                  "awayactiontype": "api",
                  "awayteamId": "1ab8-1ab8bfj7N",
                  "startDateTime": "",
                  "endDateTime": "",
                  "statusString": "Slut",
                  "homeTeamId": "FHC",
                  "homeTeamName": "Frölunda HC",
                  "homeG": 1,
                  "homePIM": 0,
                  "homeFOW": 12,
                  "homeSOG": 14,
                  "homeSPG": 5,
                  "homeSaves": 9,
                  "homeGA": 0,
                  "homeSavesPerShot": 1,
                  "homePP_perc": 0,
                  "homeSH_perc": 0,
                  "homePPG": 0,
                  "homeSHG": 0,
                  "homePPGA": 0,
                  "homeSHGA": 0,
                  "homeNumPP": 0,
                  "homeNumSH": 0,
                  "homeHits": 6,
                  "homePPSOG": 0,
                  "homeactiontype": "api",
                  "hometeamId": "087a-087aTQv9u"
          },
          "2": {
                  "periodNumber": 3,
                  "gameStatsId": 12771,
                  "status": "Finished",
                  "awayTeamId": "BIF",
                  "awayTeamName": "Brynäs IF",
                  "awayG": 0,
                  "awayPIM": 2,
                  "awayFOW": 11,
                  "awaySOG": 2,
                  "awaySPG": 3,
                  "awaySaves": 6,
                  "awayGA": 2,
                  "awaySavesPerShot": 0.8571428571428571,
                  "awayPP_perc": 0,
                  "awaySH_perc": 1,
                  "awayPPG": 0,
                  "awaySHG": 0,
                  "awayPPGA": 0,
                  "awaySHGA": 0,
                  "awayNumPP": 0,
                  "awayNumSH": 1,
                  "awayHits": 7,
                  "awayPPSOG": 0,
                  "awayactiontype": "api",
                  "awayteamId": "1ab8-1ab8bfj7N",
                  "startDateTime": "",
                  "endDateTime": "",
                  "statusString": "Slut",
                  "homeTeamId": "FHC",
                  "homeTeamName": "Frölunda HC",
                  "homeG": 2,
                  "homePIM": 2,
                  "homeFOW": 9,
                  "homeSOG": 8,
                  "homeSPG": 2,
                  "homeSaves": 2,
                  "homeGA": 0,
                  "homeSavesPerShot": 1,
                  "homePP_perc": 0,
                  "homeSH_perc": 0,
                  "homePPG": 0,
                  "homeSHG": 0,
                  "homePPGA": 0,
                  "homeSHGA": 0,
                  "homeNumPP": 1,
                  "homeNumSH": 0,
                  "homeHits": 6,
                  "homePPSOG": 1,
                  "homeactiontype": "api",
                  "hometeamId": "087a-087aTQv9u"
          }
  },
  "gameState": "GameEnded"
}