{
  "playersByTeam": {
    "FBK": {
      "GK": [
        {
          "player": 2930,
          "game": 12915,
          "team": "FBK",
          "jersey": 40,
          "line": -1,
          "position": "GK",
          "firstName": "Henrik",
          "familyName": "Haukeland",
          "pim": 0,
          "actiontype": "new",
          "teamId": "752c-752c12zB7Z",
          "tot_ga": 3,
          "tot_soga": 26,
          "tot_spga": 11,
          "tot_svs": 23,
          "tot_svs_perc": 0.8846153846153846,
          "tot_nonso_svs_perc": 0.8846153846153846
        },
        {
          "player": 3630,
          "game": 12915,
          "team": "FBK",
          "jersey": 75,
          "line": -1,
          "position": "GK",
          "firstName": "Arvid",
          "familyName": "Holm",
          "pim": 0,
          "actiontype": "new",
          "teamId": "752c-752c12zB7Z",
          "tot_ga": 0,
          "tot_soga": 0,
          "tot_spga": 0,
          "tot_svs": 0,
          "tot_svs_perc": 0,
          "tot_nonso_svs_perc": 0
        }
      ],
      "players": [
        {
          "player": 3670,
          "game": 12915,
          "team": "FBK",
          "jersey": 71,
          "line": 1,
          "position": "LD",
          "firstName": "Jesse",
          "familyName": "Virtanen",
          "pim": 0,
          "actiontype": "new",
          "teamId": "752c-752c12zB7Z",
          "hits": 0,
          "g": 0,
          "a": 1,
          "toi": "23:42",
          "shg": 0,
          "ppg": 0,
          "fo_perc": 0,
          "sw": 0,
          "sog": 1,
          "ppsog": 0,
          "nep": 0,
          "pop": 1,
          "netPlusMinus": 1,
          "tp": 0,
          "fo_tot": 0,
          "fow": 0,
          "fol": 0
        },
        {
          "player": 1090,
          "game": 12915,
          "team": "FBK",
          "jersey": 3,
          "line": 1,
          "position": "RD",
          "firstName": "Jens",
          "familyName": "Westin",
          "pim": 0,
          "actiontype": "new",
          "teamId": "752c-752c12zB7Z",
          "hits": 1,
          "g": 0,
          "a": 0,
          "toi": "19:36",
          "shg": 0,
          "ppg": 0,
          "fo_perc": 0,
          "sw": 3,
          "sog": 1,
          "ppsog": 0,
          "nep": 0,
          "pop": 1,
          "netPlusMinus": 1,
          "tp": 0,
          "fo_tot": 0,
          "fow": 0,
          "fol": 0
        },
        {
          "player": 664,
          "game": 12915,
          "team": "FBK",
          "jersey": 22,
          "line": 1,
          "position": "LW",
          "firstName": "Per",
          "familyName": "Åslund",
          "pim": 0,
          "actiontype": "new",
          "teamId": "752c-752c12zB7Z",
          "hits": 0,
          "g": 0,
          "a": 1,
          "toi": "19:33",
          "shg": 0,
          "ppg": 0,
          "fo_perc": 0,
          "sw": 0,
          "sog": 3,
          "ppsog": 0,
          "nep": 0,
          "pop": 1,
          "netPlusMinus": 1,
          "tp": 0,
          "fo_tot": 0,
          "fow": 0,
          "fol": 0
        },
        {
          "player": 3019,
          "game": 12915,
          "team": "FBK",
          "jersey": 70,
          "line": 1,
          "position": "CE",
          "firstName": "Jacob",
          "familyName": "Nilsson",
          "pim": 0,
          "actiontype": "new",
          "teamId": "752c-752c12zB7Z",
          "hits": 2,
          "g": 1,
          "a": 0,
          "toi": "20:28",
          "shg": 0,
          "ppg": 0,
          "fo_perc": 62.5,
          "sw": 0,
          "sog": 5,
          "ppsog": 0,
          "nep": 0,
          "pop": 1,
          "netPlusMinus": 1,
          "tp": 0,
          "fo_tot": 0,
          "fow": 15,
          "fol": 9
        },
        {
          "player": 2348,
          "game": 12915,
          "team": "FBK",
          "jersey": 34,
          "line": 1,
          "position": "RW",
          "firstName": "Michael",
          "familyName": "Lindqvist",
          "pim": 0,
          "actiontype": "new",
          "teamId": "752c-752c12zB7Z",
          "hits": 0,
          "g": 0,
          "a": 0,
          "toi": "19:57",
          "shg": 0,
          "ppg": 0,
          "fo_perc": 0,
          "sw": 1,
          "sog": 5,
          "ppsog": 0,
          "nep": 0,
          "pop": 1,
          "netPlusMinus": 1,
          "tp": 0,
          "fo_tot": 0,
          "fow": 0,
          "fol": 0
        },
        {
          "player": 4226,
          "game": 12915,
          "team": "FBK",
          "jersey": 24,
          "line": 2,
          "position": "LD",
          "firstName": "Jonathon",
          "familyName": "Blum",
          "pim": 0,
          "actiontype": "new",
          "teamId": "752c-752c12zB7Z",
          "hits": 0,
          "g": 0,
          "a": 0,
          "toi": "23:06",
          "shg": 0,
          "ppg": 0,
          "fo_perc": 0,
          "sw": 1,
          "sog": 0,
          "ppsog": 0,
          "nep": 0,
          "pop": 0,
          "netPlusMinus": 0,
          "tp": 0,
          "fo_tot": 0,
          "fow": 0,
          "fol": 0
        },
        {
          "player": 3547,
          "game": 12915,
          "team": "FBK",
          "jersey": 37,
          "line": 2,
          "position": "RD",
          "firstName": "Adam",
          "familyName": "Ginning",
          "pim": 0,
          "actiontype": "new",
          "teamId": "752c-752c12zB7Z",
          "hits": 2,
          "g": 0,
          "a": 0,
          "toi": "20:02",
          "shg": 0,
          "ppg": 0,
          "fo_perc": 0,
          "sw": 0,
          "sog": 1,
          "ppsog": 0,
          "nep": 1,
          "pop": 0,
          "netPlusMinus": -1,
          "tp": 0,
          "fo_tot": 0,
          "fow": 0,
          "fol": 0
        },
        {
          "player": 2742,
          "game": 12915,
          "team": "FBK",
          "jersey": 14,
          "line": 2,
          "position": "LW",
          "firstName": "Victor",
          "familyName": "Ejdsell",
          "pim": 2,
          "actiontype": "new",
          "teamId": "752c-752c12zB7Z",
          "hits": 2,
          "g": 0,
          "a": 1,
          "toi": "19:42",
          "shg": 0,
          "ppg": 0,
          "fo_perc": 0,
          "sw": 3,
          "sog": 3,
          "ppsog": 0,
          "nep": 2,
          "pop": 1,
          "netPlusMinus": -1,
          "tp": 0,
          "fo_tot": 0,
          "fow": 0,
          "fol": 0
        },
        {
          "player": 3770,
          "game": 12915,
          "team": "FBK",
          "jersey": 44,
          "line": 2,
          "position": "CE",
          "firstName": "Jacob",
          "familyName": "Peterson",
          "pim": 0,
          "actiontype": "new",
          "teamId": "752c-752c12zB7Z",
          "hits": 0,
          "g": 1,
          "a": 0,
          "toi": "18:34",
          "shg": 0,
          "ppg": 0,
          "fo_perc": 52.94,
          "sw": 1,
          "sog": 6,
          "ppsog": 0,
          "nep": 2,
          "pop": 1,
          "netPlusMinus": -1,
          "tp": 0,
          "fo_tot": 0,
          "fow": 9,
          "fol": 8
        },
        {
          "player": 1087,
          "game": 12915,
          "team": "FBK",
          "jersey": 13,
          "line": 2,
          "position": "RW",
          "firstName": "Daniel",
          "familyName": "Viksten",
          "pim": 0,
          "actiontype": "new",
          "teamId": "752c-752c12zB7Z",
          "hits": 0,
          "g": 0,
          "a": 1,
          "toi": "18:35",
          "shg": 0,
          "ppg": 0,
          "fo_perc": 0,
          "sw": 1,
          "sog": 2,
          "ppsog": 0,
          "nep": 2,
          "pop": 1,
          "netPlusMinus": -1,
          "tp": 0,
          "fo_tot": 0,
          "fow": 0,
          "fol": 0
        },
        {
          "player": 4512,
          "game": 12915,
          "team": "FBK",
          "jersey": 8,
          "line": 3,
          "position": "LD",
          "firstName": "Leo",
          "familyName": "Lööf",
          "pim": 0,
          "actiontype": "new",
          "teamId": "752c-752c12zB7Z",
          "hits": 1,
          "g": 0,
          "a": 0,
          "toi": "09:11",
          "shg": 0,
          "ppg": 0,
          "fo_perc": 0,
          "sw": 0,
          "sog": 0,
          "ppsog": 0,
          "nep": 1,
          "pop": 1,
          "netPlusMinus": 0,
          "tp": 0,
          "fo_tot": 0,
          "fow": 0,
          "fol": 0
        },
        {
          "player": 2655,
          "game": 12915,
          "team": "FBK",
          "jersey": 28,
          "line": 3,
          "position": "RD",
          "firstName": "Linus",
          "familyName": "Arnesson",
          "pim": 0,
          "actiontype": "new",
          "teamId": "752c-752c12zB7Z",
          "hits": 0,
          "g": 0,
          "a": 0,
          "toi": "18:54",
          "shg": 0,
          "ppg": 0,
          "fo_perc": 0,
          "sw": 0,
          "sog": 2,
          "ppsog": 0,
          "nep": 3,
          "pop": 1,
          "netPlusMinus": -2,
          "tp": 0,
          "fo_tot": 0,
          "fow": 0,
          "fol": 0
        },
        {
          "player": 3709,
          "game": 12915,
          "team": "FBK",
          "jersey": 31,
          "line": 3,
          "position": "LW",
          "firstName": "Carl",
          "familyName": "Jakobsson",
          "pim": 0,
          "actiontype": "new",
          "teamId": "752c-752c12zB7Z",
          "hits": 0,
          "g": 0,
          "a": 0,
          "toi": "18:28",
          "shg": 0,
          "ppg": 0,
          "fo_perc": 0,
          "sw": 1,
          "sog": 5,
          "ppsog": 0,
          "nep": 1,
          "pop": 0,
          "netPlusMinus": -1,
          "tp": 0,
          "fo_tot": 0,
          "fow": 0,
          "fol": 0
        },
        {
          "player": 3708,
          "game": 12915,
          "team": "FBK",
          "jersey": 27,
          "line": 3,
          "position": "CE",
          "firstName": "Oskar",
          "familyName": "Bäck",
          "pim": 0,
          "actiontype": "new",
          "teamId": "752c-752c12zB7Z",
          "hits": 0,
          "g": 0,
          "a": 0,
          "toi": "15:50",
          "shg": 0,
          "ppg": 0,
          "fo_perc": 70,
          "sw": 0,
          "sog": 0,
          "ppsog": 0,
          "nep": 1,
          "pop": 0,
          "netPlusMinus": -1,
          "tp": 0,
          "fo_tot": 0,
          "fow": 7,
          "fol": 3
        },
        {
          "player": 2574,
          "game": 12915,
          "team": "FBK",
          "jersey": 67,
          "line": 3,
          "position": "RW",
          "firstName": "Pontus",
          "familyName": "Widerström",
          "pim": 0,
          "actiontype": "new",
          "teamId": "752c-752c12zB7Z",
          "hits": 5,
          "g": 0,
          "a": 0,
          "toi": "16:14",
          "shg": 0,
          "ppg": 0,
          "fo_perc": 0,
          "sw": 0,
          "sog": 2,
          "ppsog": 0,
          "nep": 0,
          "pop": 0,
          "netPlusMinus": 0,
          "tp": 0,
          "fo_tot": 0,
          "fow": 0,
          "fol": 0
        },
        {
          "player": 4697,
          "game": 12915,
          "team": "FBK",
          "jersey": 12,
          "line": 4,
          "position": "RD",
          "firstName": "Christopher",
          "familyName": "Lynch",
          "pim": 0,
          "actiontype": "new",
          "teamId": "752c-752c12zB7Z",
          "hits": 0,
          "g": 0,
          "a": 0,
          "toi": "00:00",
          "shg": 0,
          "ppg": 0,
          "fo_perc": 0,
          "sw": 0,
          "sog": 0,
          "ppsog": 0,
          "nep": 0,
          "pop": 0,
          "netPlusMinus": 0,
          "tp": 0,
          "fo_tot": 0,
          "fow": 0,
          "fol": 0
        },
        {
          "player": 4706,
          "game": 12915,
          "team": "FBK",
          "jersey": 7,
          "line": 4,
          "position": "LW",
          "firstName": "Alfred",
          "familyName": "Bergman",
          "pim": 0,
          "actiontype": "new",
          "teamId": "752c-752c12zB7Z",
          "hits": 1,
          "g": 0,
          "a": 0,
          "toi": "00:54",
          "shg": 0,
          "ppg": 0,
          "fo_perc": 0,
          "sw": 0,
          "sog": 0,
          "ppsog": 0,
          "nep": 0,
          "pop": 0,
          "netPlusMinus": 0,
          "tp": 0,
          "fo_tot": 0,
          "fow": 0,
          "fol": 0
        },
        {
          "player": 4649,
          "game": 12915,
          "team": "FBK",
          "jersey": 18,
          "line": 4,
          "position": "LW",
          "firstName": "Linus",
          "familyName": "Johnsson",
          "pim": 0,
          "actiontype": "new",
          "teamId": "752c-752c12zB7Z",
          "hits": 0,
          "g": 0,
          "a": 0,
          "toi": "04:35",
          "shg": 0,
          "ppg": 0,
          "fo_perc": 0,
          "sw": 0,
          "sog": 0,
          "ppsog": 0,
          "nep": 0,
          "pop": 0,
          "netPlusMinus": 0,
          "tp": 0,
          "fo_tot": 0,
          "fow": 0,
          "fol": 0
        },
        {
          "player": 4620,
          "game": 12915,
          "team": "FBK",
          "jersey": 16,
          "line": 4,
          "position": "CE",
          "firstName": "Linus",
          "familyName": "Lööf",
          "pim": 0,
          "actiontype": "new",
          "teamId": "752c-752c12zB7Z",
          "hits": 0,
          "g": 0,
          "a": 0,
          "toi": "05:43",
          "shg": 0,
          "ppg": 0,
          "fo_perc": 50,
          "sw": 0,
          "sog": 0,
          "ppsog": 0,
          "nep": 0,
          "pop": 0,
          "netPlusMinus": 0,
          "tp": 0,
          "fo_tot": 0,
          "fow": 1,
          "fol": 1
        },
        {
          "player": 3816,
          "game": 12915,
          "team": "FBK",
          "jersey": 23,
          "line": 4,
          "position": "RW",
          "firstName": "Albin",
          "familyName": "Eriksson",
          "pim": 0,
          "actiontype": "new",
          "teamId": "752c-752c12zB7Z",
          "hits": 0,
          "g": 0,
          "a": 0,
          "toi": "06:38",
          "shg": 0,
          "ppg": 0,
          "fo_perc": 0,
          "sw": 0,
          "sog": 0,
          "ppsog": 0,
          "nep": 0,
          "pop": 0,
          "netPlusMinus": 0,
          "tp": 0,
          "fo_tot": 0,
          "fow": 0,
          "fol": 0
        }
      ]
    },
    "BIF": {
      "GK": [
        {
          "player": 3801,
          "game": 12915,
          "team": "BIF",
          "jersey": 33,
          "line": -1,
          "position": "GK",
          "firstName": "Samuel",
          "familyName": "Ersson",
          "pim": 0,
          "actiontype": "new",
          "teamId": "1ab8-1ab8bfj7N",
          "tot_ga": 2,
          "tot_soga": 36,
          "tot_spga": 11,
          "tot_svs": 34,
          "tot_svs_perc": 0.9444444444444444,
          "tot_nonso_svs_perc": 0.9444444444444444
        },
        {
          "player": 2564,
          "game": 12915,
          "team": "BIF",
          "jersey": 45,
          "line": -1,
          "position": "GK",
          "firstName": "Viktor",
          "familyName": "Andrén",
          "pim": 0,
          "actiontype": "new",
          "teamId": "1ab8-1ab8bfj7N",
          "tot_ga": 0,
          "tot_soga": 0,
          "tot_spga": 0,
          "tot_svs": 0,
          "tot_svs_perc": 0,
          "tot_nonso_svs_perc": 0
        }
      ],
      "players": [
        {
          "player": 1170,
          "game": 12915,
          "team": "BIF",
          "jersey": 2,
          "line": 1,
          "position": "LD",
          "firstName": "Kristofer",
          "familyName": "Berglund",
          "pim": 0,
          "actiontype": "new",
          "teamId": "1ab8-1ab8bfj7N",
          "hits": 1,
          "g": 0,
          "a": 0,
          "toi": "17:12",
          "shg": 0,
          "ppg": 0,
          "fo_perc": 0,
          "sw": 1,
          "sog": 1,
          "ppsog": 0,
          "nep": 1,
          "pop": 0,
          "netPlusMinus": -1,
          "tp": 0,
          "fo_tot": 0,
          "fow": 0,
          "fol": 0
        },
        {
          "player": 3747,
          "game": 12915,
          "team": "BIF",
          "jersey": 7,
          "line": 1,
          "position": "RD",
          "firstName": "Marcus",
          "familyName": "Björk",
          "pim": 0,
          "actiontype": "new",
          "teamId": "1ab8-1ab8bfj7N",
          "hits": 1,
          "g": 0,
          "a": 0,
          "toi": "16:11",
          "shg": 0,
          "ppg": 0,
          "fo_perc": 0,
          "sw": 1,
          "sog": 4,
          "ppsog": 0,
          "nep": 1,
          "pop": 0,
          "netPlusMinus": -1,
          "tp": 0,
          "fo_tot": 0,
          "fow": 0,
          "fol": 0
        },
        {
          "player": 296,
          "game": 12915,
          "team": "BIF",
          "jersey": 44,
          "line": 1,
          "position": "LW",
          "firstName": "Nicklas",
          "familyName": "Danielsson",
          "pim": 0,
          "actiontype": "new",
          "teamId": "1ab8-1ab8bfj7N",
          "hits": 0,
          "g": 0,
          "a": 1,
          "toi": "17:26",
          "shg": 0,
          "ppg": 0,
          "fo_perc": 50,
          "sw": 0,
          "sog": 4,
          "ppsog": 0,
          "nep": 0,
          "pop": 1,
          "netPlusMinus": 1,
          "tp": 0,
          "fo_tot": 0,
          "fow": 1,
          "fol": 1
        },
        {
          "player": 1650,
          "game": 12915,
          "team": "BIF",
          "jersey": 22,
          "line": 1,
          "position": "CE",
          "firstName": "Adam",
          "familyName": "Pettersson",
          "pim": 0,
          "actiontype": "new",
          "teamId": "1ab8-1ab8bfj7N",
          "hits": 0,
          "g": 0,
          "a": 0,
          "toi": "17:18",
          "shg": 0,
          "ppg": 0,
          "fo_perc": 41.18,
          "sw": 0,
          "sog": 2,
          "ppsog": 0,
          "nep": 0,
          "pop": 1,
          "netPlusMinus": 1,
          "tp": 0,
          "fo_tot": 0,
          "fow": 7,
          "fol": 10
        },
        {
          "player": 1439,
          "game": 12915,
          "team": "BIF",
          "jersey": 18,
          "line": 1,
          "position": "RW",
          "firstName": "Anton",
          "familyName": "Rödin",
          "pim": 2,
          "actiontype": "new",
          "teamId": "1ab8-1ab8bfj7N",
          "hits": 1,
          "g": 1,
          "a": 0,
          "toi": "17:33",
          "shg": 0,
          "ppg": 0,
          "fo_perc": 0,
          "sw": 0,
          "sog": 2,
          "ppsog": 0,
          "nep": 0,
          "pop": 1,
          "netPlusMinus": 1,
          "tp": 0,
          "fo_tot": 0,
          "fow": 0,
          "fol": 0
        },
        {
          "player": 2789,
          "game": 12915,
          "team": "BIF",
          "jersey": 74,
          "line": 2,
          "position": "LD",
          "firstName": "Chad",
          "familyName": "Billins",
          "pim": 0,
          "actiontype": "new",
          "teamId": "1ab8-1ab8bfj7N",
          "hits": 0,
          "g": 0,
          "a": 2,
          "toi": "20:17",
          "shg": 0,
          "ppg": 0,
          "fo_perc": 0,
          "sw": 1,
          "sog": 2,
          "ppsog": 0,
          "nep": 1,
          "pop": 2,
          "netPlusMinus": 1,
          "tp": 0,
          "fo_tot": 0,
          "fow": 0,
          "fol": 0
        },
        {
          "player": 2737,
          "game": 12915,
          "team": "BIF",
          "jersey": 8,
          "line": 2,
          "position": "RD",
          "firstName": "John",
          "familyName": "Nyberg",
          "pim": 0,
          "actiontype": "new",
          "teamId": "1ab8-1ab8bfj7N",
          "hits": 0,
          "g": 0,
          "a": 0,
          "toi": "21:24",
          "shg": 0,
          "ppg": 0,
          "fo_perc": 0,
          "sw": 1,
          "sog": 1,
          "ppsog": 0,
          "nep": 1,
          "pop": 1,
          "netPlusMinus": 0,
          "tp": 0,
          "fo_tot": 0,
          "fow": 0,
          "fol": 0
        },
        {
          "player": 3971,
          "game": 12915,
          "team": "BIF",
          "jersey": 90,
          "line": 2,
          "position": "LW",
          "firstName": "Shane",
          "familyName": "Harper",
          "pim": 0,
          "actiontype": "new",
          "teamId": "1ab8-1ab8bfj7N",
          "hits": 1,
          "g": 0,
          "a": 0,
          "toi": "16:28",
          "shg": 0,
          "ppg": 0,
          "fo_perc": 0,
          "sw": 1,
          "sog": 2,
          "ppsog": 0,
          "nep": 1,
          "pop": 1,
          "netPlusMinus": 0,
          "tp": 0,
          "fo_tot": 0,
          "fow": 0,
          "fol": 0
        },
        {
          "player": 2763,
          "game": 12915,
          "team": "BIF",
          "jersey": 36,
          "line": 2,
          "position": "CE",
          "firstName": "Linus",
          "familyName": "Ölund",
          "pim": 0,
          "actiontype": "new",
          "teamId": "1ab8-1ab8bfj7N",
          "hits": 0,
          "g": 2,
          "a": 0,
          "toi": "17:56",
          "shg": 0,
          "ppg": 0,
          "fo_perc": 25,
          "sw": 1,
          "sog": 3,
          "ppsog": 0,
          "nep": 1,
          "pop": 2,
          "netPlusMinus": 1,
          "tp": 0,
          "fo_tot": 0,
          "fow": 3,
          "fol": 9
        },
        {
          "player": 4229,
          "game": 12915,
          "team": "BIF",
          "jersey": 21,
          "line": 2,
          "position": "RW",
          "firstName": "Patrik",
          "familyName": "Berglund",
          "pim": 2,
          "actiontype": "new",
          "teamId": "1ab8-1ab8bfj7N",
          "hits": 0,
          "g": 0,
          "a": 1,
          "toi": "15:03",
          "shg": 0,
          "ppg": 0,
          "fo_perc": 50,
          "sw": 2,
          "sog": 0,
          "ppsog": 0,
          "nep": 1,
          "pop": 2,
          "netPlusMinus": 1,
          "tp": 0,
          "fo_tot": 0,
          "fow": 2,
          "fol": 2
        },
        {
          "player": 1010,
          "game": 12915,
          "team": "BIF",
          "jersey": 9,
          "line": 3,
          "position": "LD",
          "firstName": "Niclas",
          "familyName": "Andersén",
          "pim": 0,
          "actiontype": "new",
          "teamId": "1ab8-1ab8bfj7N",
          "hits": 2,
          "g": 0,
          "a": 0,
          "toi": "22:35",
          "shg": 0,
          "ppg": 0,
          "fo_perc": 0,
          "sw": 0,
          "sog": 0,
          "ppsog": 0,
          "nep": 0,
          "pop": 1,
          "netPlusMinus": 1,
          "tp": 0,
          "fo_tot": 0,
          "fow": 0,
          "fol": 0
        },
        {
          "player": 3231,
          "game": 12915,
          "team": "BIF",
          "jersey": 62,
          "line": 3,
          "position": "RD",
          "firstName": "Tom",
          "familyName": "Hedberg",
          "pim": 2,
          "actiontype": "new",
          "teamId": "1ab8-1ab8bfj7N",
          "hits": 0,
          "g": 0,
          "a": 0,
          "toi": "17:29",
          "shg": 0,
          "ppg": 0,
          "fo_perc": 0,
          "sw": 0,
          "sog": 1,
          "ppsog": 0,
          "nep": 0,
          "pop": 1,
          "netPlusMinus": 1,
          "tp": 0,
          "fo_tot": 0,
          "fow": 0,
          "fol": 0
        },
        {
          "player": 2107,
          "game": 12915,
          "team": "BIF",
          "jersey": 24,
          "line": 3,
          "position": "LW",
          "firstName": "Emil",
          "familyName": "Molin",
          "pim": 0,
          "actiontype": "new",
          "teamId": "1ab8-1ab8bfj7N",
          "hits": 1,
          "g": 0,
          "a": 0,
          "toi": "16:08",
          "shg": 0,
          "ppg": 0,
          "fo_perc": 0,
          "sw": 1,
          "sog": 1,
          "ppsog": 0,
          "nep": 1,
          "pop": 0,
          "netPlusMinus": -1,
          "tp": 0,
          "fo_tot": 0,
          "fow": 0,
          "fol": 1
        },
        {
          "player": 2646,
          "game": 12915,
          "team": "BIF",
          "jersey": 51,
          "line": 3,
          "position": "CE",
          "firstName": "Tomi",
          "familyName": "Sallinen",
          "pim": 0,
          "actiontype": "new",
          "teamId": "1ab8-1ab8bfj7N",
          "hits": 0,
          "g": 0,
          "a": 0,
          "toi": "17:03",
          "shg": 0,
          "ppg": 0,
          "fo_perc": 46.67,
          "sw": 0,
          "sog": 1,
          "ppsog": 0,
          "nep": 1,
          "pop": 0,
          "netPlusMinus": -1,
          "tp": 0,
          "fo_tot": 0,
          "fow": 7,
          "fol": 8
        },
        {
          "player": 4207,
          "game": 12915,
          "team": "BIF",
          "jersey": 88,
          "line": 3,
          "position": "RW",
          "firstName": "Jaedon",
          "familyName": "Descheneau",
          "pim": 0,
          "actiontype": "new",
          "teamId": "1ab8-1ab8bfj7N",
          "hits": 2,
          "g": 0,
          "a": 0,
          "toi": "16:30",
          "shg": 0,
          "ppg": 0,
          "fo_perc": 0,
          "sw": 1,
          "sog": 0,
          "ppsog": 0,
          "nep": 1,
          "pop": 0,
          "netPlusMinus": -1,
          "tp": 0,
          "fo_tot": 0,
          "fow": 0,
          "fol": 0
        },
        {
          "player": 4039,
          "game": 12915,
          "team": "BIF",
          "jersey": 11,
          "line": 4,
          "position": "RD",
          "firstName": "Josef",
          "familyName": "Ingman",
          "pim": 0,
          "actiontype": "new",
          "teamId": "1ab8-1ab8bfj7N",
          "hits": 1,
          "g": 0,
          "a": 0,
          "toi": "03:31",
          "shg": 0,
          "ppg": 0,
          "fo_perc": 0,
          "sw": 0,
          "sog": 0,
          "ppsog": 0,
          "nep": 0,
          "pop": 0,
          "netPlusMinus": 0,
          "tp": 0,
          "fo_tot": 0,
          "fow": 0,
          "fol": 0
        },
        {
          "player": 3942,
          "game": 12915,
          "team": "BIF",
          "jersey": 48,
          "line": 4,
          "position": "LW",
          "firstName": "Samuel",
          "familyName": "Solem",
          "pim": 0,
          "actiontype": "new",
          "teamId": "1ab8-1ab8bfj7N",
          "hits": 0,
          "g": 0,
          "a": 0,
          "toi": "00:00",
          "shg": 0,
          "ppg": 0,
          "fo_perc": 0,
          "sw": 0,
          "sog": 0,
          "ppsog": 0,
          "nep": 0,
          "pop": 0,
          "netPlusMinus": 0,
          "tp": 0,
          "fo_tot": 0,
          "fow": 0,
          "fol": 0
        },
        {
          "player": 2912,
          "game": 12915,
          "team": "BIF",
          "jersey": 14,
          "line": 4,
          "position": "LW",
          "firstName": "Johan",
          "familyName": "Alcén",
          "pim": 0,
          "actiontype": "new",
          "teamId": "1ab8-1ab8bfj7N",
          "hits": 3,
          "g": 0,
          "a": 0,
          "toi": "08:59",
          "shg": 0,
          "ppg": 0,
          "fo_perc": 0,
          "sw": 0,
          "sog": 1,
          "ppsog": 0,
          "nep": 0,
          "pop": 0,
          "netPlusMinus": 0,
          "tp": 0,
          "fo_tot": 0,
          "fow": 0,
          "fol": 0
        },
        {
          "player": 4439,
          "game": 12915,
          "team": "BIF",
          "jersey": 29,
          "line": 4,
          "position": "CE",
          "firstName": "Oscar",
          "familyName": "Birgersson",
          "pim": 0,
          "actiontype": "new",
          "teamId": "1ab8-1ab8bfj7N",
          "hits": 1,
          "g": 0,
          "a": 0,
          "toi": "07:38",
          "shg": 0,
          "ppg": 0,
          "fo_perc": 50,
          "sw": 0,
          "sog": 1,
          "ppsog": 0,
          "nep": 0,
          "pop": 0,
          "netPlusMinus": 0,
          "tp": 0,
          "fo_tot": 0,
          "fow": 1,
          "fol": 1
        },
        {
          "player": 1782,
          "game": 12915,
          "team": "BIF",
          "jersey": 79,
          "line": 4,
          "position": "RW",
          "firstName": "Daniel",
          "familyName": "Mannberg",
          "pim": 0,
          "actiontype": "new",
          "teamId": "1ab8-1ab8bfj7N",
          "hits": 1,
          "g": 0,
          "a": 0,
          "toi": "09:01",
          "shg": 0,
          "ppg": 0,
          "fo_perc": 0,
          "sw": 1,
          "sog": 0,
          "ppsog": 0,
          "nep": 0,
          "pop": 0,
          "netPlusMinus": 0,
          "tp": 0,
          "fo_tot": 0,
          "fow": 0,
          "fol": 0
        }
      ]
    }
  },
  "recaps": {
    "gameRecap": {
      "periodNumber": 0,
      "gameStatsId": 12915,
      "status": "GameEnded",
      "awayTeamId": "BIF",
      "awayTeamName": "Brynäs IF",
      "awayG": 3,
      "awayPIM": 6,
      "awayFOW": 21,
      "awaySOG": 26,
      "awaySPG": 11,
      "awaySaves": 34,
      "awayGA": 2,
      "awaySavesPerShot": 0.9444444444444444,
      "awayPP_perc": 0,
      "awaySH_perc": 1,
      "awayPPG": 0,
      "awaySHG": 0,
      "awayPPGA": 0,
      "awaySHGA": 0,
      "awayNumPP": 1,
      "awayNumSH": 3,
      "awayHits": 15,
      "awayPPSOG": 2,
      "awayactiontype": "api",
      "awayteamId": "1ab8-1ab8bfj7N",
      "startDateTime": "",
      "endDateTime": "",
      "statusString": "Slut",
      "statsId": 12915,
      "homeTeamId": "FBK",
      "homeTeamName": "Färjestad BK",
      "homeG": 2,
      "homePIM": 2,
      "homeFOW": 32,
      "homeSOG": 36,
      "homeSPG": 11,
      "homeSaves": 23,
      "homeGA": 3,
      "homeSavesPerShot": 0.8846153846153846,
      "homePP_perc": 0,
      "homeSH_perc": 1,
      "homePPG": 0,
      "homeSHG": 0,
      "homePPGA": 0,
      "homeSHGA": 0,
      "homeNumPP": 3,
      "homeNumSH": 1,
      "homeHits": 14,
      "homePPSOG": 11,
      "homeactiontype": "api",
      "hometeamId": "752c-752c12zB7Z"
    },
    "0": {
      "periodNumber": 1,
      "gameStatsId": 12915,
      "status": "Finished",
      "awayTeamId": "BIF",
      "awayTeamName": "Brynäs IF",
      "awayG": 1,
      "awayPIM": 2,
      "awayFOW": 8,
      "awaySOG": 13,
      "awaySPG": 3,
      "awaySaves": 12,
      "awayGA": 0,
      "awaySavesPerShot": 1,
      "awayPP_perc": 0,
      "awaySH_perc": 1,
      "awayPPG": 0,
      "awaySHG": 0,
      "awayPPGA": 0,
      "awaySHGA": 0,
      "awayNumPP": 0,
      "awayNumSH": 1,
      "awayHits": 7,
      "awayPPSOG": 0,
      "awayactiontype": "api",
      "awayteamId": "1ab8-1ab8bfj7N",
      "startDateTime": "",
      "endDateTime": "",
      "statusString": "Slut",
      "homeTeamId": "FBK",
      "homeTeamName": "Färjestad BK",
      "homeG": 0,
      "homePIM": 0,
      "homeFOW": 11,
      "homeSOG": 12,
      "homeSPG": 6,
      "homeSaves": 12,
      "homeGA": 1,
      "homeSavesPerShot": 0.9230769230769231,
      "homePP_perc": 0,
      "homeSH_perc": 0,
      "homePPG": 0,
      "homeSHG": 0,
      "homePPGA": 0,
      "homeSHGA": 0,
      "homeNumPP": 1,
      "homeNumSH": 0,
      "homeHits": 8,
      "homePPSOG": 4,
      "homeactiontype": "api",
      "hometeamId": "752c-752c12zB7Z"
    },
    "1": {
      "periodNumber": 2,
      "gameStatsId": 12915,
      "status": "Finished",
      "awayTeamId": "BIF",
      "awayTeamName": "Brynäs IF",
      "awayG": 1,
      "awayPIM": 2,
      "awayFOW": 8,
      "awaySOG": 6,
      "awaySPG": 4,
      "awaySaves": 13,
      "awayGA": 1,
      "awaySavesPerShot": 0.9285714285714286,
      "awayPP_perc": 0,
      "awaySH_perc": 1,
      "awayPPG": 0,
      "awaySHG": 0,
      "awayPPGA": 0,
      "awaySHGA": 0,
      "awayNumPP": 0,
      "awayNumSH": 1,
      "awayHits": 6,
      "awayPPSOG": 0,
      "awayactiontype": "api",
      "awayteamId": "1ab8-1ab8bfj7N",
      "startDateTime": "",
      "endDateTime": "",
      "statusString": "Slut",
      "homeTeamId": "FBK",
      "homeTeamName": "Färjestad BK",
      "homeG": 1,
      "homePIM": 0,
      "homeFOW": 11,
      "homeSOG": 14,
      "homeSPG": 3,
      "homeSaves": 5,
      "homeGA": 1,
      "homeSavesPerShot": 0.8333333333333334,
      "homePP_perc": 0,
      "homeSH_perc": 0,
      "homePPG": 0,
      "homeSHG": 0,
      "homePPGA": 0,
      "homeSHGA": 0,
      "homeNumPP": 1,
      "homeNumSH": 0,
      "homeHits": 3,
      "homePPSOG": 2,
      "homeactiontype": "api",
      "hometeamId": "752c-752c12zB7Z"
    },
    "2": {
      "periodNumber": 3,
      "gameStatsId": 12915,
      "status": "Finished",
      "awayTeamId": "BIF",
      "awayTeamName": "Brynäs IF",
      "awayG": 0,
      "awayPIM": 2,
      "awayFOW": 3,
      "awaySOG": 6,
      "awaySPG": 4,
      "awaySaves": 9,
      "awayGA": 1,
      "awaySavesPerShot": 0.9,
      "awayPP_perc": 0,
      "awaySH_perc": 1,
      "awayPPG": 0,
      "awaySHG": 0,
      "awayPPGA": 0,
      "awaySHGA": 0,
      "awayNumPP": 1,
      "awayNumSH": 1,
      "awayHits": 2,
      "awayPPSOG": 2,
      "awayactiontype": "api",
      "awayteamId": "1ab8-1ab8bfj7N",
      "startDateTime": "",
      "endDateTime": "",
      "statusString": "Slut",
      "homeTeamId": "FBK",
      "homeTeamName": "Färjestad BK",
      "homeG": 1,
      "homePIM": 2,
      "homeFOW": 10,
      "homeSOG": 10,
      "homeSPG": 2,
      "homeSaves": 6,
      "homeGA": 0,
      "homeSavesPerShot": 1,
      "homePP_perc": 0,
      "homeSH_perc": 1,
      "homePPG": 0,
      "homeSHG": 0,
      "homePPGA": 0,
      "homeSHGA": 0,
      "homeNumPP": 1,
      "homeNumSH": 1,
      "homeHits": 3,
      "homePPSOG": 5,
      "homeactiontype": "api",
      "hometeamId": "752c-752c12zB7Z"
    },
    "3": {
      "periodNumber": 4,
      "gameStatsId": 12915,
      "status": "Finished",
      "awayTeamId": "BIF",
      "awayTeamName": "Brynäs IF",
      "awayG": 1,
      "awayPIM": 0,
      "awayFOW": 2,
      "awaySOG": 1,
      "awaySPG": 0,
      "awaySaves": 0,
      "awayGA": 0,
      "awaySavesPerShot": 0,
      "awayPP_perc": 0,
      "awaySH_perc": 0,
      "awayPPG": 0,
      "awaySHG": 0,
      "awayPPGA": 0,
      "awaySHGA": 0,
      "awayNumPP": 0,
      "awayNumSH": 0,
      "awayHits": 0,
      "awayPPSOG": 0,
      "awayactiontype": "api",
      "awayteamId": "1ab8-1ab8bfj7N",
      "startDateTime": "",
      "endDateTime": "",
      "statusString": "Slut e. övertid",
      "homeTeamId": "FBK",
      "homeTeamName": "Färjestad BK",
      "homeG": 0,
      "homePIM": 0,
      "homeFOW": 0,
      "homeSOG": 0,
      "homeSPG": 0,
      "homeSaves": 0,
      "homeGA": 1,
      "homeSavesPerShot": 0,
      "homePP_perc": 0,
      "homeSH_perc": 0,
      "homePPG": 0,
      "homeSHG": 0,
      "homePPGA": 0,
      "homeSHGA": 0,
      "homeNumPP": 0,
      "homeNumSH": 0,
      "homeHits": 0,
      "homePPSOG": 0,
      "homeactiontype": "api",
      "hometeamId": "752c-752c12zB7Z"
    }
  },
  "gameState": "GameEnded"
}