{
  "playersByTeam": {
    "IKO": {
      "GK": [
        {
          "player": 4332,
          "game": 12939,
          "team": "IKO",
          "jersey": 35,
          "line": -1,
          "position": "GK",
          "firstName": "Joe",
          "familyName": "Cannata",
          "pim": 0,
          "actiontype": "new",
          "teamId": "259b-259bYGVIp",
          "tot_ga": 4,
          "tot_soga": 38,
          "tot_spga": 8,
          "tot_svs": 34,
          "tot_svs_perc": 0.8947368421052632,
          "tot_nonso_svs_perc": 0.8947368421052632
        },
        {
          "player": 3290,
          "game": 12939,
          "team": "IKO",
          "jersey": 66,
          "line": -1,
          "position": "GK",
          "firstName": "Tex",
          "familyName": "Williamsson",
          "pim": 0,
          "actiontype": "new",
          "teamId": "259b-259bYGVIp",
          "tot_ga": 0,
          "tot_soga": 0,
          "tot_spga": 0,
          "tot_svs": 0,
          "tot_svs_perc": 0,
          "tot_nonso_svs_perc": 0
        }
      ],
      "players": [
        {
          "player": 4191,
          "game": 12939,
          "team": "IKO",
          "jersey": 21,
          "line": 1,
          "position": "LD",
          "firstName": "Brian",
          "familyName": "Cooper",
          "pim": 0,
          "actiontype": "new",
          "teamId": "259b-259bYGVIp",
          "hits": 1,
          "g": 0,
          "a": 0,
          "toi": "19:49",
          "shg": 0,
          "ppg": 0,
          "fo_perc": 0,
          "sw": 0,
          "sog": 0,
          "ppsog": 0,
          "nep": 0,
          "pop": 0,
          "netPlusMinus": 0,
          "tp": 0,
          "fo_tot": 0,
          "fow": 0,
          "fol": 0
        },
        {
          "player": 4205,
          "game": 12939,
          "team": "IKO",
          "jersey": 3,
          "line": 1,
          "position": "RD",
          "firstName": "Pontus",
          "familyName": "Näsén",
          "pim": 0,
          "actiontype": "new",
          "teamId": "259b-259bYGVIp",
          "hits": 1,
          "g": 0,
          "a": 0,
          "toi": "16:07",
          "shg": 0,
          "ppg": 0,
          "fo_perc": 0,
          "sw": 0,
          "sog": 0,
          "ppsog": 0,
          "nep": 2,
          "pop": 0,
          "netPlusMinus": -2,
          "tp": 0,
          "fo_tot": 0,
          "fow": 0,
          "fol": 0
        },
        {
          "player": 1551,
          "game": 12939,
          "team": "IKO",
          "jersey": 17,
          "line": 1,
          "position": "LW",
          "firstName": "Jonas",
          "familyName": "Engström",
          "pim": 0,
          "actiontype": "new",
          "teamId": "259b-259bYGVIp",
          "hits": 1,
          "g": 0,
          "a": 0,
          "toi": "15:11",
          "shg": 0,
          "ppg": 0,
          "fo_perc": 0,
          "sw": 1,
          "sog": 2,
          "ppsog": 0,
          "nep": 2,
          "pop": 0,
          "netPlusMinus": -2,
          "tp": 0,
          "fo_tot": 0,
          "fow": 0,
          "fol": 0
        },
        {
          "player": 2972,
          "game": 12939,
          "team": "IKO",
          "jersey": 33,
          "line": 1,
          "position": "CE",
          "firstName": "Filiph",
          "familyName": "Engsund",
          "pim": 0,
          "actiontype": "new",
          "teamId": "259b-259bYGVIp",
          "hits": 0,
          "g": 0,
          "a": 0,
          "toi": "18:16",
          "shg": 0,
          "ppg": 0,
          "fo_perc": 63.64,
          "sw": 0,
          "sog": 0,
          "ppsog": 0,
          "nep": 0,
          "pop": 0,
          "netPlusMinus": 0,
          "tp": 0,
          "fo_tot": 0,
          "fow": 7,
          "fol": 4
        },
        {
          "player": 2209,
          "game": 12939,
          "team": "IKO",
          "jersey": 11,
          "line": 1,
          "position": "RW",
          "firstName": "Joakim",
          "familyName": "Thelin",
          "pim": 0,
          "actiontype": "new",
          "teamId": "259b-259bYGVIp",
          "hits": 0,
          "g": 0,
          "a": 0,
          "toi": "18:05",
          "shg": 0,
          "ppg": 0,
          "fo_perc": 62.5,
          "sw": 0,
          "sog": 1,
          "ppsog": 0,
          "nep": 0,
          "pop": 0,
          "netPlusMinus": 0,
          "tp": 0,
          "fo_tot": 0,
          "fow": 5,
          "fol": 3
        },
        {
          "player": 869,
          "game": 12939,
          "team": "IKO",
          "jersey": 38,
          "line": 2,
          "position": "LD",
          "firstName": "Nichlas",
          "familyName": "Torp",
          "pim": 0,
          "actiontype": "new",
          "teamId": "259b-259bYGVIp",
          "hits": 4,
          "g": 0,
          "a": 0,
          "toi": "15:42",
          "shg": 0,
          "ppg": 0,
          "fo_perc": 0,
          "sw": 0,
          "sog": 2,
          "ppsog": 0,
          "nep": 1,
          "pop": 0,
          "netPlusMinus": -1,
          "tp": 0,
          "fo_tot": 0,
          "fow": 0,
          "fol": 0
        },
        {
          "player": 4381,
          "game": 12939,
          "team": "IKO",
          "jersey": 34,
          "line": 2,
          "position": "RD",
          "firstName": "Philip",
          "familyName": "Samuelsson",
          "pim": 2,
          "actiontype": "new",
          "teamId": "259b-259bYGVIp",
          "hits": 0,
          "g": 0,
          "a": 0,
          "toi": "17:11",
          "shg": 0,
          "ppg": 0,
          "fo_perc": 0,
          "sw": 0,
          "sog": 2,
          "ppsog": 0,
          "nep": 0,
          "pop": 0,
          "netPlusMinus": 0,
          "tp": 0,
          "fo_tot": 0,
          "fow": 0,
          "fol": 0
        },
        {
          "player": 3061,
          "game": 12939,
          "team": "IKO",
          "jersey": 32,
          "line": 2,
          "position": "LW",
          "firstName": "Markus",
          "familyName": "Modigs",
          "pim": 0,
          "actiontype": "new",
          "teamId": "259b-259bYGVIp",
          "hits": 2,
          "g": 1,
          "a": 0,
          "toi": "10:24",
          "shg": 0,
          "ppg": 0,
          "fo_perc": 0,
          "sw": 0,
          "sog": 1,
          "ppsog": 0,
          "nep": 1,
          "pop": 1,
          "netPlusMinus": 0,
          "tp": 0,
          "fo_tot": 0,
          "fow": 0,
          "fol": 0
        },
        {
          "player": 4349,
          "game": 12939,
          "team": "IKO",
          "jersey": 8,
          "line": 2,
          "position": "CE",
          "firstName": "Fredrik",
          "familyName": "Olofsson",
          "pim": 2,
          "actiontype": "new",
          "teamId": "259b-259bYGVIp",
          "hits": 1,
          "g": 0,
          "a": 1,
          "toi": "18:14",
          "shg": 0,
          "ppg": 0,
          "fo_perc": 45.45,
          "sw": 0,
          "sog": 0,
          "ppsog": 0,
          "nep": 3,
          "pop": 1,
          "netPlusMinus": -2,
          "tp": 0,
          "fo_tot": 0,
          "fow": 5,
          "fol": 6
        },
        {
          "player": 2893,
          "game": 12939,
          "team": "IKO",
          "jersey": 29,
          "line": 2,
          "position": "RW",
          "firstName": "Kim",
          "familyName": "Rosdahl",
          "pim": 2,
          "actiontype": "new",
          "teamId": "259b-259bYGVIp",
          "hits": 0,
          "g": 0,
          "a": 1,
          "toi": "12:39",
          "shg": 0,
          "ppg": 0,
          "fo_perc": 0,
          "sw": 0,
          "sog": 2,
          "ppsog": 0,
          "nep": 3,
          "pop": 1,
          "netPlusMinus": -2,
          "tp": 0,
          "fo_tot": 0,
          "fow": 0,
          "fol": 0
        },
        {
          "player": 4016,
          "game": 12939,
          "team": "IKO",
          "jersey": 44,
          "line": 3,
          "position": "LD",
          "firstName": "Nolan",
          "familyName": "Zajac",
          "pim": 0,
          "actiontype": "new",
          "teamId": "259b-259bYGVIp",
          "hits": 0,
          "g": 0,
          "a": 1,
          "toi": "19:14",
          "shg": 0,
          "ppg": 0,
          "fo_perc": 0,
          "sw": 0,
          "sog": 2,
          "ppsog": 0,
          "nep": 3,
          "pop": 1,
          "netPlusMinus": -2,
          "tp": 0,
          "fo_tot": 0,
          "fow": 0,
          "fol": 0
        },
        {
          "player": 3777,
          "game": 12939,
          "team": "IKO",
          "jersey": 98,
          "line": 3,
          "position": "RD",
          "firstName": "Oliver Joakim",
          "familyName": "Larsen",
          "pim": 0,
          "actiontype": "new",
          "teamId": "259b-259bYGVIp",
          "hits": 1,
          "g": 0,
          "a": 0,
          "toi": "10:01",
          "shg": 0,
          "ppg": 0,
          "fo_perc": 0,
          "sw": 0,
          "sog": 3,
          "ppsog": 0,
          "nep": 3,
          "pop": 1,
          "netPlusMinus": -2,
          "tp": 0,
          "fo_tot": 0,
          "fow": 0,
          "fol": 0
        },
        {
          "player": 2792,
          "game": 12939,
          "team": "IKO",
          "jersey": 22,
          "line": 3,
          "position": "LW",
          "firstName": "John",
          "familyName": "Dahlström",
          "pim": 0,
          "actiontype": "new",
          "teamId": "259b-259bYGVIp",
          "hits": 0,
          "g": 0,
          "a": 1,
          "toi": "18:16",
          "shg": 0,
          "ppg": 0,
          "fo_perc": 0,
          "sw": 3,
          "sog": 1,
          "ppsog": 0,
          "nep": 1,
          "pop": 0,
          "netPlusMinus": -1,
          "tp": 0,
          "fo_tot": 0,
          "fow": 0,
          "fol": 0
        },
        {
          "player": 3214,
          "game": 12939,
          "team": "IKO",
          "jersey": 91,
          "line": 3,
          "position": "CE",
          "firstName": "Rickard",
          "familyName": "Palmberg",
          "pim": 0,
          "actiontype": "new",
          "teamId": "259b-259bYGVIp",
          "hits": 0,
          "g": 1,
          "a": 0,
          "toi": "12:29",
          "shg": 0,
          "ppg": 0,
          "fo_perc": 84.62,
          "sw": 2,
          "sog": 5,
          "ppsog": 0,
          "nep": 1,
          "pop": 0,
          "netPlusMinus": -1,
          "tp": 0,
          "fo_tot": 0,
          "fow": 11,
          "fol": 2
        },
        {
          "player": 4705,
          "game": 12939,
          "team": "IKO",
          "jersey": 51,
          "line": 3,
          "position": "RW",
          "firstName": "Max",
          "familyName": "Veronneau",
          "pim": 0,
          "actiontype": "new",
          "teamId": "259b-259bYGVIp",
          "hits": 1,
          "g": 0,
          "a": 0,
          "toi": "12:42",
          "shg": 0,
          "ppg": 0,
          "fo_perc": 0,
          "sw": 0,
          "sog": 0,
          "ppsog": 0,
          "nep": 1,
          "pop": 0,
          "netPlusMinus": -1,
          "tp": 0,
          "fo_tot": 0,
          "fow": 0,
          "fol": 0
        },
        {
          "player": 4523,
          "game": 12939,
          "team": "IKO",
          "jersey": 7,
          "line": 4,
          "position": "RD",
          "firstName": "Adam",
          "familyName": "Janosik",
          "pim": 0,
          "actiontype": "new",
          "teamId": "259b-259bYGVIp",
          "hits": 3,
          "g": 0,
          "a": 0,
          "toi": "12:55",
          "shg": 0,
          "ppg": 0,
          "fo_perc": 0,
          "sw": 0,
          "sog": 1,
          "ppsog": 0,
          "nep": 0,
          "pop": 0,
          "netPlusMinus": 0,
          "tp": 0,
          "fo_tot": 0,
          "fow": 0,
          "fol": 0
        },
        {
          "player": 4525,
          "game": 12939,
          "team": "IKO",
          "jersey": 45,
          "line": 4,
          "position": "LW",
          "firstName": "Jan",
          "familyName": "Ordos",
          "pim": 0,
          "actiontype": "new",
          "teamId": "259b-259bYGVIp",
          "hits": 1,
          "g": 0,
          "a": 0,
          "toi": "09:16",
          "shg": 0,
          "ppg": 0,
          "fo_perc": 0,
          "sw": 0,
          "sog": 0,
          "ppsog": 0,
          "nep": 1,
          "pop": 0,
          "netPlusMinus": -1,
          "tp": 0,
          "fo_tot": 0,
          "fow": 0,
          "fol": 0
        },
        {
          "player": 2862,
          "game": 12939,
          "team": "IKO",
          "jersey": 26,
          "line": 4,
          "position": "CE",
          "firstName": "Filip",
          "familyName": "Karlsson",
          "pim": 0,
          "actiontype": "new",
          "teamId": "259b-259bYGVIp",
          "hits": 0,
          "g": 0,
          "a": 0,
          "toi": "09:22",
          "shg": 0,
          "ppg": 0,
          "fo_perc": 50,
          "sw": 0,
          "sog": 2,
          "ppsog": 0,
          "nep": 0,
          "pop": 0,
          "netPlusMinus": 0,
          "tp": 0,
          "fo_tot": 0,
          "fow": 2,
          "fol": 2
        },
        {
          "player": 4524,
          "game": 12939,
          "team": "IKO",
          "jersey": 24,
          "line": 4,
          "position": "CE",
          "firstName": "Kim",
          "familyName": "Strömberg",
          "pim": 0,
          "actiontype": "new",
          "teamId": "259b-259bYGVIp",
          "hits": 0,
          "g": 0,
          "a": 0,
          "toi": "12:38",
          "shg": 0,
          "ppg": 0,
          "fo_perc": 12.5,
          "sw": 0,
          "sog": 2,
          "ppsog": 0,
          "nep": 2,
          "pop": 0,
          "netPlusMinus": -2,
          "tp": 0,
          "fo_tot": 0,
          "fow": 1,
          "fol": 7
        },
        {
          "player": 4204,
          "game": 12939,
          "team": "IKO",
          "jersey": 19,
          "line": 4,
          "position": "RW",
          "firstName": "Tyler",
          "familyName": "Kelleher",
          "pim": 0,
          "actiontype": "new",
          "teamId": "259b-259bYGVIp",
          "hits": 0,
          "g": 0,
          "a": 0,
          "toi": "16:40",
          "shg": 0,
          "ppg": 0,
          "fo_perc": 0,
          "sw": 0,
          "sog": 1,
          "ppsog": 0,
          "nep": 2,
          "pop": 0,
          "netPlusMinus": -2,
          "tp": 0,
          "fo_tot": 0,
          "fow": 0,
          "fol": 0
        }
      ]
    },
    "FHC": {
      "GK": [
        {
          "player": 3304,
          "game": 12939,
          "team": "FHC",
          "jersey": 41,
          "line": -1,
          "position": "GK",
          "firstName": "Niklas",
          "familyName": "Rubin",
          "pim": 2,
          "actiontype": "new",
          "teamId": "087a-087aTQv9u",
          "hits": 0,
          "g": 0,
          "a": 0,
          "toi": "00:00",
          "shg": 0,
          "ppg": 0,
          "fo_perc": 0,
          "sw": 0,
          "sog": 0,
          "ppsog": 0,
          "nep": 1,
          "pop": 5,
          "netPlusMinus": 4,
          "tp": 0,
          "fo_tot": 0,
          "fow": 0,
          "fol": 0
        },
        {
          "player": 1391,
          "game": 12939,
          "team": "FHC",
          "jersey": 33,
          "line": -1,
          "position": "GK",
          "firstName": "Johan",
          "familyName": "Mattsson",
          "pim": 0,
          "actiontype": "new",
          "teamId": "087a-087aTQv9u",
          "hits": 0,
          "g": 0,
          "a": 0,
          "toi": "00:00",
          "shg": 0,
          "ppg": 0,
          "fo_perc": 0,
          "sw": 0,
          "sog": 0,
          "ppsog": 0,
          "nep": 0,
          "pop": 0,
          "netPlusMinus": 0,
          "tp": 0,
          "fo_tot": 0,
          "fow": 0,
          "fol": 0
        }
      ],
      "players": [
        {
          "player": 906,
          "game": 12939,
          "team": "FHC",
          "jersey": 8,
          "line": 1,
          "position": "LD",
          "firstName": "Viktor",
          "familyName": "Ekbom",
          "pim": 0,
          "actiontype": "new",
          "teamId": "087a-087aTQv9u",
          "hits": 3,
          "g": 0,
          "a": 0,
          "toi": "18:56",
          "shg": 0,
          "ppg": 0,
          "fo_perc": 0,
          "sw": 0,
          "sog": 4,
          "ppsog": 0,
          "nep": 1,
          "pop": 2,
          "netPlusMinus": 1,
          "tp": 0,
          "fo_tot": 0,
          "fow": 0,
          "fol": 0
        },
        {
          "player": 3413,
          "game": 12939,
          "team": "FHC",
          "jersey": 58,
          "line": 1,
          "position": "RD",
          "firstName": "Jesper",
          "familyName": "Sellgren",
          "pim": 2,
          "actiontype": "new",
          "teamId": "087a-087aTQv9u",
          "hits": 0,
          "g": 1,
          "a": 0,
          "toi": "21:27",
          "shg": 0,
          "ppg": 0,
          "fo_perc": 0,
          "sw": 0,
          "sog": 4,
          "ppsog": 0,
          "nep": 0,
          "pop": 1,
          "netPlusMinus": 1,
          "tp": 0,
          "fo_tot": 0,
          "fow": 0,
          "fol": 0
        },
        {
          "player": 2656,
          "game": 12939,
          "team": "FHC",
          "jersey": 17,
          "line": 1,
          "position": "LW",
          "firstName": "Robin",
          "familyName": "Alvarez",
          "pim": 0,
          "actiontype": "new",
          "teamId": "087a-087aTQv9u",
          "hits": 0,
          "g": 0,
          "a": 0,
          "toi": "16:52",
          "shg": 0,
          "ppg": 0,
          "fo_perc": 0,
          "sw": 0,
          "sog": 1,
          "ppsog": 0,
          "nep": 0,
          "pop": 0,
          "netPlusMinus": 0,
          "tp": 0,
          "fo_tot": 0,
          "fow": 0,
          "fol": 0
        },
        {
          "player": 1115,
          "game": 12939,
          "team": "FHC",
          "jersey": 31,
          "line": 1,
          "position": "CE",
          "firstName": "Nicklas",
          "familyName": "Lasu",
          "pim": 0,
          "actiontype": "new",
          "teamId": "087a-087aTQv9u",
          "hits": 0,
          "g": 0,
          "a": 0,
          "toi": "15:12",
          "shg": 0,
          "ppg": 0,
          "fo_perc": 57.89,
          "sw": 1,
          "sog": 1,
          "ppsog": 0,
          "nep": 0,
          "pop": 0,
          "netPlusMinus": 0,
          "tp": 0,
          "fo_tot": 0,
          "fow": 11,
          "fol": 8
        },
        {
          "player": 2201,
          "game": 12939,
          "team": "FHC",
          "jersey": 51,
          "line": 1,
          "position": "RW",
          "firstName": "Mats",
          "familyName": "Rosseli Olsen",
          "pim": 0,
          "actiontype": "new",
          "teamId": "087a-087aTQv9u",
          "hits": 0,
          "g": 1,
          "a": 1,
          "toi": "18:40",
          "shg": 0,
          "ppg": 0,
          "fo_perc": 0,
          "sw": 1,
          "sog": 1,
          "ppsog": 0,
          "nep": 0,
          "pop": 2,
          "netPlusMinus": 2,
          "tp": 0,
          "fo_tot": 0,
          "fow": 0,
          "fol": 0
        },
        {
          "player": 3831,
          "game": 12939,
          "team": "FHC",
          "jersey": 5,
          "line": 2,
          "position": "LD",
          "firstName": "Filip",
          "familyName": "Johansson",
          "pim": 0,
          "actiontype": "new",
          "teamId": "087a-087aTQv9u",
          "hits": 0,
          "g": 0,
          "a": 1,
          "toi": "16:39",
          "shg": 0,
          "ppg": 0,
          "fo_perc": 0,
          "sw": 0,
          "sog": 5,
          "ppsog": 0,
          "nep": 0,
          "pop": 2,
          "netPlusMinus": 2,
          "tp": 0,
          "fo_tot": 0,
          "fow": 0,
          "fol": 0
        },
        {
          "player": 942,
          "game": 12939,
          "team": "FHC",
          "jersey": 10,
          "line": 2,
          "position": "RD",
          "firstName": "Jens",
          "familyName": "Olsson",
          "pim": 2,
          "actiontype": "new",
          "teamId": "087a-087aTQv9u",
          "hits": 0,
          "g": 0,
          "a": 0,
          "toi": "19:33",
          "shg": 0,
          "ppg": 0,
          "fo_perc": 0,
          "sw": 3,
          "sog": 4,
          "ppsog": 0,
          "nep": 0,
          "pop": 3,
          "netPlusMinus": 3,
          "tp": 0,
          "fo_tot": 0,
          "fow": 0,
          "fol": 0
        },
        {
          "player": 2004,
          "game": 12939,
          "team": "FHC",
          "jersey": 12,
          "line": 2,
          "position": "LW",
          "firstName": "Max",
          "familyName": "Friberg",
          "pim": 0,
          "actiontype": "new",
          "teamId": "087a-087aTQv9u",
          "hits": 1,
          "g": 0,
          "a": 1,
          "toi": "19:49",
          "shg": 0,
          "ppg": 0,
          "fo_perc": 50,
          "sw": 0,
          "sog": 2,
          "ppsog": 0,
          "nep": 0,
          "pop": 2,
          "netPlusMinus": 2,
          "tp": 0,
          "fo_tot": 0,
          "fow": 2,
          "fol": 2
        },
        {
          "player": 3874,
          "game": 12939,
          "team": "FHC",
          "jersey": 9,
          "line": 2,
          "position": "CE",
          "firstName": "Jan",
          "familyName": "Mursak",
          "pim": 2,
          "actiontype": "new",
          "teamId": "087a-087aTQv9u",
          "hits": 1,
          "g": 1,
          "a": 0,
          "toi": "15:45",
          "shg": 0,
          "ppg": 0,
          "fo_perc": 0,
          "sw": 0,
          "sog": 3,
          "ppsog": 0,
          "nep": 0,
          "pop": 1,
          "netPlusMinus": 1,
          "tp": 0,
          "fo_tot": 0,
          "fow": 0,
          "fol": 7
        },
        {
          "player": 4058,
          "game": 12939,
          "team": "FHC",
          "jersey": 21,
          "line": 2,
          "position": "RW",
          "firstName": "Karl",
          "familyName": "Henriksson",
          "pim": 0,
          "actiontype": "new",
          "teamId": "087a-087aTQv9u",
          "hits": 0,
          "g": 0,
          "a": 0,
          "toi": "11:46",
          "shg": 0,
          "ppg": 0,
          "fo_perc": 0,
          "sw": 0,
          "sog": 1,
          "ppsog": 0,
          "nep": 0,
          "pop": 1,
          "netPlusMinus": 1,
          "tp": 0,
          "fo_tot": 0,
          "fow": 0,
          "fol": 4
        },
        {
          "player": 3719,
          "game": 12939,
          "team": "FHC",
          "jersey": 15,
          "line": 3,
          "position": "LD",
          "firstName": "Anders",
          "familyName": "Grönlund",
          "pim": 0,
          "actiontype": "new",
          "teamId": "087a-087aTQv9u",
          "hits": 1,
          "g": 0,
          "a": 0,
          "toi": "19:27",
          "shg": 0,
          "ppg": 0,
          "fo_perc": 0,
          "sw": 0,
          "sog": 1,
          "ppsog": 0,
          "nep": 0,
          "pop": 1,
          "netPlusMinus": 1,
          "tp": 0,
          "fo_tot": 0,
          "fow": 0,
          "fol": 0
        },
        {
          "player": 2790,
          "game": 12939,
          "team": "FHC",
          "jersey": 56,
          "line": 3,
          "position": "RD",
          "firstName": "Jonathan",
          "familyName": "Sigalet",
          "pim": 2,
          "actiontype": "new",
          "teamId": "087a-087aTQv9u",
          "hits": 2,
          "g": 0,
          "a": 0,
          "toi": "17:39",
          "shg": 0,
          "ppg": 0,
          "fo_perc": 0,
          "sw": 2,
          "sog": 0,
          "ppsog": 0,
          "nep": 0,
          "pop": 1,
          "netPlusMinus": 1,
          "tp": 0,
          "fo_tot": 0,
          "fow": 0,
          "fol": 0
        },
        {
          "player": 4000,
          "game": 12939,
          "team": "FHC",
          "jersey": 22,
          "line": 3,
          "position": "LW",
          "firstName": "Linus",
          "familyName": "Nässén",
          "pim": 0,
          "actiontype": "new",
          "teamId": "087a-087aTQv9u",
          "hits": 0,
          "g": 0,
          "a": 1,
          "toi": "11:16",
          "shg": 0,
          "ppg": 0,
          "fo_perc": 0,
          "sw": 0,
          "sog": 1,
          "ppsog": 0,
          "nep": 0,
          "pop": 1,
          "netPlusMinus": 1,
          "tp": 0,
          "fo_tot": 0,
          "fow": 0,
          "fol": 0
        },
        {
          "player": 1407,
          "game": 12939,
          "team": "FHC",
          "jersey": 20,
          "line": 3,
          "position": "CE",
          "firstName": "Joel",
          "familyName": "Lundqvist",
          "pim": 0,
          "actiontype": "new",
          "teamId": "087a-087aTQv9u",
          "hits": 0,
          "g": 0,
          "a": 1,
          "toi": "15:11",
          "shg": 0,
          "ppg": 0,
          "fo_perc": 53.85,
          "sw": 1,
          "sog": 1,
          "ppsog": 0,
          "nep": 0,
          "pop": 1,
          "netPlusMinus": 1,
          "tp": 0,
          "fo_tot": 0,
          "fow": 7,
          "fol": 6
        },
        {
          "player": 2609,
          "game": 12939,
          "team": "FHC",
          "jersey": 70,
          "line": 3,
          "position": "RW",
          "firstName": "Christoffer",
          "familyName": "Ehn",
          "pim": 0,
          "actiontype": "new",
          "teamId": "087a-087aTQv9u",
          "hits": 0,
          "g": 1,
          "a": 0,
          "toi": "16:24",
          "shg": 0,
          "ppg": 0,
          "fo_perc": 0,
          "sw": 0,
          "sog": 4,
          "ppsog": 0,
          "nep": 0,
          "pop": 3,
          "netPlusMinus": 3,
          "tp": 0,
          "fo_tot": 0,
          "fow": 0,
          "fol": 0
        },
        {
          "player": 4544,
          "game": 12939,
          "team": "FHC",
          "jersey": 3,
          "line": 4,
          "position": "LD",
          "firstName": "Simon",
          "familyName": "Edvinsson",
          "pim": 0,
          "actiontype": "new",
          "teamId": "087a-087aTQv9u",
          "hits": 0,
          "g": 0,
          "a": 0,
          "toi": "04:16",
          "shg": 0,
          "ppg": 0,
          "fo_perc": 0,
          "sw": 0,
          "sog": 1,
          "ppsog": 0,
          "nep": 1,
          "pop": 0,
          "netPlusMinus": -1,
          "tp": 0,
          "fo_tot": 0,
          "fow": 0,
          "fol": 0
        },
        {
          "player": 4467,
          "game": 12939,
          "team": "FHC",
          "jersey": 47,
          "line": 4,
          "position": "LW",
          "firstName": "Ludwig",
          "familyName": "Persson",
          "pim": 0,
          "actiontype": "new",
          "teamId": "087a-087aTQv9u",
          "hits": 0,
          "g": 0,
          "a": 0,
          "toi": "05:45",
          "shg": 0,
          "ppg": 0,
          "fo_perc": 0,
          "sw": 0,
          "sog": 1,
          "ppsog": 0,
          "nep": 1,
          "pop": 0,
          "netPlusMinus": -1,
          "tp": 0,
          "fo_tot": 0,
          "fow": 0,
          "fol": 0
        },
        {
          "player": 2025,
          "game": 12939,
          "team": "FHC",
          "jersey": 72,
          "line": 4,
          "position": "CE",
          "firstName": "Patrik",
          "familyName": "Carlsson",
          "pim": 0,
          "actiontype": "new",
          "teamId": "087a-087aTQv9u",
          "hits": 0,
          "g": 1,
          "a": 1,
          "toi": "14:32",
          "shg": 0,
          "ppg": 0,
          "fo_perc": 50,
          "sw": 0,
          "sog": 2,
          "ppsog": 0,
          "nep": 1,
          "pop": 2,
          "netPlusMinus": 1,
          "tp": 0,
          "fo_tot": 0,
          "fow": 4,
          "fol": 4
        },
        {
          "player": 4678,
          "game": 12939,
          "team": "FHC",
          "jersey": 27,
          "line": 4,
          "position": "RW",
          "firstName": "Liam",
          "familyName": "Dower Nilsson",
          "pim": 0,
          "actiontype": "new",
          "teamId": "087a-087aTQv9u",
          "hits": 0,
          "g": 0,
          "a": 0,
          "toi": "00:37",
          "shg": 0,
          "ppg": 0,
          "fo_perc": 0,
          "sw": 0,
          "sog": 0,
          "ppsog": 0,
          "nep": 0,
          "pop": 0,
          "netPlusMinus": 0,
          "tp": 0,
          "fo_tot": 0,
          "fow": 0,
          "fol": 0
        },
        {
          "player": 1138,
          "game": 12939,
          "team": "FHC",
          "jersey": 59,
          "line": 4,
          "position": "RW",
          "firstName": "Simon",
          "familyName": "Hjalmarsson",
          "pim": 0,
          "actiontype": "new",
          "teamId": "087a-087aTQv9u",
          "hits": 0,
          "g": 0,
          "a": 1,
          "toi": "11:11",
          "shg": 0,
          "ppg": 0,
          "fo_perc": 0,
          "sw": 0,
          "sog": 2,
          "ppsog": 0,
          "nep": 1,
          "pop": 1,
          "netPlusMinus": 0,
          "tp": 0,
          "fo_tot": 0,
          "fow": 0,
          "fol": 0
        }
      ]
    }
  },
  "recaps": {
    "gameRecap": {
      "periodNumber": 0,
      "gameStatsId": 12939,
      "status": "GameEnded",
      "awayTeamId": "FHC",
      "awayTeamName": "Frölunda HC",
      "awayG": 5,
      "awayPIM": 10,
      "awayFOW": 24,
      "awaySOG": 39,
      "awaySPG": 8,
      "awaySaves": 25,
      "awayGA": 2,
      "awaySavesPerShot": 0.9259259259259259,
      "awayPP_perc": 0,
      "awaySH_perc": 0.8,
      "awayPPG": 0,
      "awaySHG": 1,
      "awayPPGA": 0,
      "awaySHGA": 1,
      "awayNumPP": 3,
      "awayNumSH": 5,
      "awayHits": 8,
      "awayPPSOG": 9,
      "awayactiontype": "api",
      "awayteamId": "087a-087aTQv9u",
      "startDateTime": "",
      "endDateTime": "",
      "statusString": "Slut",
      "statsId": 12939,
      "homeTeamId": "IKO",
      "homeTeamName": "IK Oskarshamn",
      "homeG": 2,
      "homePIM": 6,
      "homeFOW": 31,
      "homeSOG": 27,
      "homeSPG": 6,
      "homeSaves": 34,
      "homeGA": 5,
      "homeSavesPerShot": 0.8947368421052632,
      "homePP_perc": 0.2,
      "homeSH_perc": 1,
      "homePPG": 1,
      "homeSHG": 0,
      "homePPGA": 1,
      "homeSHGA": 0,
      "homeNumPP": 5,
      "homeNumSH": 3,
      "homeHits": 16,
      "homePPSOG": 5,
      "homeactiontype": "api",
      "hometeamId": "259b-259bYGVIp"
    },
    "0": {
      "periodNumber": 1,
      "gameStatsId": 12939,
      "status": "Finished",
      "awayTeamId": "FHC",
      "awayTeamName": "Frölunda HC",
      "awayG": 1,
      "awayPIM": 6,
      "awayFOW": 5,
      "awaySOG": 9,
      "awaySPG": 1,
      "awaySaves": 15,
      "awayGA": 0,
      "awaySavesPerShot": 1,
      "awayPP_perc": 0,
      "awaySH_perc": 1,
      "awayPPG": 0,
      "awaySHG": 0,
      "awayPPGA": 0,
      "awaySHGA": 0,
      "awayNumPP": 1,
      "awayNumSH": 3,
      "awayHits": 4,
      "awayPPSOG": 4,
      "awayactiontype": "api",
      "awayteamId": "087a-087aTQv9u",
      "startDateTime": "",
      "endDateTime": "",
      "statusString": "Slut",
      "homeTeamId": "IKO",
      "homeTeamName": "IK Oskarshamn",
      "homeG": 0,
      "homePIM": 2,
      "homeFOW": 13,
      "homeSOG": 15,
      "homeSPG": 3,
      "homeSaves": 8,
      "homeGA": 1,
      "homeSavesPerShot": 0.8888888888888888,
      "homePP_perc": 0,
      "homeSH_perc": 1,
      "homePPG": 0,
      "homeSHG": 0,
      "homePPGA": 0,
      "homeSHGA": 0,
      "homeNumPP": 3,
      "homeNumSH": 1,
      "homeHits": 5,
      "homePPSOG": 3,
      "homeactiontype": "api",
      "hometeamId": "259b-259bYGVIp"
    },
    "1": {
      "periodNumber": 2,
      "gameStatsId": 12939,
      "status": "Finished",
      "awayTeamId": "FHC",
      "awayTeamName": "Frölunda HC",
      "awayG": 1,
      "awayPIM": 2,
      "awayFOW": 10,
      "awaySOG": 17,
      "awaySPG": 3,
      "awaySaves": 6,
      "awayGA": 1,
      "awaySavesPerShot": 0.8571428571428571,
      "awayPP_perc": 0,
      "awaySH_perc": 1,
      "awayPPG": 0,
      "awaySHG": 1,
      "awayPPGA": 0,
      "awaySHGA": 0,
      "awayNumPP": 0,
      "awayNumSH": 1,
      "awayHits": 1,
      "awayPPSOG": 2,
      "awayactiontype": "api",
      "awayteamId": "087a-087aTQv9u",
      "startDateTime": "",
      "endDateTime": "",
      "statusString": "Slut",
      "homeTeamId": "IKO",
      "homeTeamName": "IK Oskarshamn",
      "homeG": 1,
      "homePIM": 2,
      "homeFOW": 7,
      "homeSOG": 7,
      "homeSPG": 3,
      "homeSaves": 16,
      "homeGA": 1,
      "homeSavesPerShot": 0.9411764705882353,
      "homePP_perc": 0,
      "homeSH_perc": 0,
      "homePPG": 0,
      "homeSHG": 0,
      "homePPGA": 1,
      "homeSHGA": 0,
      "homeNumPP": 1,
      "homeNumSH": 0,
      "homeHits": 9,
      "homePPSOG": 0,
      "homeactiontype": "api",
      "hometeamId": "259b-259bYGVIp"
    },
    "2": {
      "periodNumber": 3,
      "gameStatsId": 12939,
      "status": "Finished",
      "awayTeamId": "FHC",
      "awayTeamName": "Frölunda HC",
      "awayG": 3,
      "awayPIM": 2,
      "awayFOW": 9,
      "awaySOG": 13,
      "awaySPG": 4,
      "awaySaves": 4,
      "awayGA": 1,
      "awaySavesPerShot": 0.8,
      "awayPP_perc": 0,
      "awaySH_perc": 0,
      "awayPPG": 0,
      "awaySHG": 0,
      "awayPPGA": 0,
      "awaySHGA": 1,
      "awayNumPP": 2,
      "awayNumSH": 1,
      "awayHits": 3,
      "awayPPSOG": 3,
      "awayactiontype": "api",
      "awayteamId": "087a-087aTQv9u",
      "startDateTime": "",
      "endDateTime": "",
      "statusString": "Slut",
      "homeTeamId": "IKO",
      "homeTeamName": "IK Oskarshamn",
      "homeG": 1,
      "homePIM": 2,
      "homeFOW": 11,
      "homeSOG": 5,
      "homeSPG": 0,
      "homeSaves": 10,
      "homeGA": 3,
      "homeSavesPerShot": 0.8333333333333334,
      "homePP_perc": 1,
      "homeSH_perc": 1,
      "homePPG": 1,
      "homeSHG": 0,
      "homePPGA": 0,
      "homeSHGA": 0,
      "homeNumPP": 1,
      "homeNumSH": 2,
      "homeHits": 2,
      "homePPSOG": 2,
      "homeactiontype": "api",
      "hometeamId": "259b-259bYGVIp"
    }
  },
  "gameState": "GameEnded"
}